config,experiment,build_provider,n_artifact_tags,registry_tags
12,Experiment-12-gemma2_2b-instruct-429-words,ollama-native,5,gemma2:2b-instruct-fp16;gemma2:2b-instruct-q2_K;gemma2:2b-instruct-q4_K_M;gemma2:2b-instruct-q6_K;gemma2:2b-instruct-q8_0
13,Experiment-13-llama3.2_3b-instruct-429-words,ollama-native,5,llama3.2:3b-instruct-fp16;llama3.2:3b-instruct-q2_K;llama3.2:3b-instruct-q4_K_M;llama3.2:3b-instruct-q6_K;llama3.2:3b-instruct-q8_0
14,Experiment-14-mistral_7b-instruct-429-words,ollama-native,5,mistral:7b-instruct-fp16;mistral:7b-instruct-q2_K;mistral:7b-instruct-q4_K_M;mistral:7b-instruct-q6_K;mistral:7b-instruct-q8_0
15,Experiment-15-mistral-nemo-12b-instruct-429-words,ollama-native,5,mistral-nemo:12b-instruct-2407-q2_K;mistral-nemo:12b-instruct-2407-q3_K_M;mistral-nemo:12b-instruct-2407-q4_K_M;mistral-nemo:12b-instruct-2407-q6_K;mistral-nemo:12b-instruct-2407-q8_0
16,Experiment-16-llama3.2_1b-instruct-429-words,ollama-native,5,llama3.2:1b-instruct-fp16;llama3.2:1b-instruct-q2_K;llama3.2:1b-instruct-q3_K_M;llama3.2:1b-instruct-q4_K_M;llama3.2:1b-instruct-q8_0
17,Experiment-17-gemma2_9b-instruct-429-words,ollama-native,5,gemma2:9b-instruct-fp16;gemma2:9b-instruct-q2_K;gemma2:9b-instruct-q3_K_M;gemma2:9b-instruct-q4_K_M;gemma2:9b-instruct-q8_0
18,Experiment-18-qwen2.5_7b-instruct-429-words,ollama-native,7,qwen2.5:7b-instruct-fp16;qwen2.5:7b-instruct-q2_K;qwen2.5:7b-instruct-q3_K_L;qwen2.5:7b-instruct-q3_K_M;qwen2.5:7b-instruct-q3_K_S;qwen2.5:7b-instruct-q4_K_M;qwen2.5:7b-instruct-q8_0
19,Experiment-19-phi3_3.8b-429-words,ollama-native,7,phi3:3.8b-mini-4k-instruct-fp16;phi3:3.8b-mini-4k-instruct-q2_K;phi3:3.8b-mini-4k-instruct-q3_K_M;phi3:3.8b-mini-4k-instruct-q3_K_S;phi3:3.8b-mini-4k-instruct-q4_K_M;phi3:3.8b-mini-4k-instruct-q6_K;phi3:3.8b-mini-4k-instruct-q8_0
20,Experiment-20-qwen2.5_3b-instruct-429-words,ollama-native,8,qwen2.5:3b-instruct-fp16;qwen2.5:3b-instruct-q2_K;qwen2.5:3b-instruct-q3_K_L;qwen2.5:3b-instruct-q3_K_M;qwen2.5:3b-instruct-q3_K_S;qwen2.5:3b-instruct-q4_K_M;qwen2.5:3b-instruct-q6_K;qwen2.5:3b-instruct-q8_0
21,Experiment-21-phi3.5_3.8b-429-words,ollama-native,8,phi3.5:3.8b-mini-instruct-fp16;phi3.5:3.8b-mini-instruct-q2_K;phi3.5:3.8b-mini-instruct-q3_K_L;phi3.5:3.8b-mini-instruct-q3_K_M;phi3.5:3.8b-mini-instruct-q3_K_S;phi3.5:3.8b-mini-instruct-q4_K_M;phi3.5:3.8b-mini-instruct-q6_K;phi3.5:3.8b-mini-instruct-q8_0
22,Experiment-22-GLM4_9b-429-words,ollama-native,7,glm4:9b-chat-fp16;glm4:9b-chat-q2_K;glm4:9b-chat-q3_K_L;glm4:9b-chat-q3_K_M;glm4:9b-chat-q3_K_S;glm4:9b-chat-q4_K_M;glm4:9b-chat-q8_0
23,Experiment-23-llama3.2_1b-instruct-429-words-unsloth-gguf-BRIDGE-EXPERIMENT,unsloth-via-hf.co,5,hf.co/unsloth/Llama-3.2-1B-Instruct-GGUF:Llama-3.2-1B-Instruct-F16.gguf;hf.co/unsloth/Llama-3.2-1B-Instruct-GGUF:Llama-3.2-1B-Instruct-Q2_K.gguf;hf.co/unsloth/Llama-3.2-1B-Instruct-GGUF:Llama-3.2-1B-Instruct-Q3_K_M.gguf;hf.co/unsloth/Llama-3.2-1B-Instruct-GGUF:Llama-3.2-1B-Instruct-Q4_K_M.gguf;hf.co/unsloth/Llama-3.2-1B-Instruct-GGUF:Llama-3.2-1B-Instruct-Q8_0.gguf
26,Experiment-26-qwen2.5_1.5b-instruct-429-words,ollama-native,8,qwen2.5:1.5b-instruct-fp16;qwen2.5:1.5b-instruct-q2_K;qwen2.5:1.5b-instruct-q3_K_L;qwen2.5:1.5b-instruct-q3_K_M;qwen2.5:1.5b-instruct-q3_K_S;qwen2.5:1.5b-instruct-q4_K_M;qwen2.5:1.5b-instruct-q4_K_S;qwen2.5:1.5b-instruct-q8_0
27,Experiment-27-qwen2.5_0.5b-instruct-429-words,ollama-native,8,qwen2.5:0.5b-instruct-fp16;qwen2.5:0.5b-instruct-q2_K;qwen2.5:0.5b-instruct-q3_K_L;qwen2.5:0.5b-instruct-q3_K_M;qwen2.5:0.5b-instruct-q3_K_S;qwen2.5:0.5b-instruct-q4_K_M;qwen2.5:0.5b-instruct-q4_K_S;qwen2.5:0.5b-instruct-q8_0
29,Experiment-29-qwen3_2507_4b-instruct-429-words,unsloth-via-hf.co,10,hf.co/unsloth/Qwen3-4B-Instruct-2507-GGUF:F16;hf.co/unsloth/Qwen3-4B-Instruct-2507-GGUF:Q2_K;hf.co/unsloth/Qwen3-4B-Instruct-2507-GGUF:Q2_K_L;hf.co/unsloth/Qwen3-4B-Instruct-2507-GGUF:Q3_K_M;hf.co/unsloth/Qwen3-4B-Instruct-2507-GGUF:Q3_K_S;hf.co/unsloth/Qwen3-4B-Instruct-2507-GGUF:Q4_K_M;hf.co/unsloth/Qwen3-4B-Instruct-2507-GGUF:Q4_K_S;hf.co/unsloth/Qwen3-4B-Instruct-2507-GGUF:Q5_K_M;hf.co/unsloth/Qwen3-4B-Instruct-2507-GGUF:Q6_K;hf.co/unsloth/Qwen3-4B-Instruct-2507-GGUF:Q8_0
30,Experiment-30-phi4-mini-instruct-3.8b-GGUF-429-words,unsloth-via-hf.co,8,hf.co/unsloth/Phi-4-mini-instruct-GGUF:BF16;hf.co/unsloth/Phi-4-mini-instruct-GGUF:Q2_K;hf.co/unsloth/Phi-4-mini-instruct-GGUF:Q2_K_L;hf.co/unsloth/Phi-4-mini-instruct-GGUF:Q3_K_M;hf.co/unsloth/Phi-4-mini-instruct-GGUF:Q4_K_M;hf.co/unsloth/Phi-4-mini-instruct-GGUF:Q5_K_M;hf.co/unsloth/Phi-4-mini-instruct-GGUF:Q6_K;hf.co/unsloth/Phi-4-mini-instruct-GGUF:Q8_0
31,Experiment-31-gemma3n_e4b-429-words,unsloth-via-hf.co,8,hf.co/unsloth/gemma-3n-E4B-it-GGUF:F16;hf.co/unsloth/gemma-3n-E4B-it-GGUF:Q2_K;hf.co/unsloth/gemma-3n-E4B-it-GGUF:Q2_K_L;hf.co/unsloth/gemma-3n-E4B-it-GGUF:Q3_K_M;hf.co/unsloth/gemma-3n-E4B-it-GGUF:Q3_K_S;hf.co/unsloth/gemma-3n-E4B-it-GGUF:Q4_K_M;hf.co/unsloth/gemma-3n-E4B-it-GGUF:Q4_K_S;hf.co/unsloth/gemma-3n-E4B-it-GGUF:Q5_K_M
32,Experiment-32-ministral3-14b-instruct2512-gguf-429-words,unsloth-via-hf.co,5,hf.co/unsloth/Ministral-3-14B-Instruct-2512-GGUF:Q2_K;hf.co/unsloth/Ministral-3-14B-Instruct-2512-GGUF:Q2_K_L;hf.co/unsloth/Ministral-3-14B-Instruct-2512-GGUF:Q3_K_M;hf.co/unsloth/Ministral-3-14B-Instruct-2512-GGUF:Q3_K_S;hf.co/unsloth/Ministral-3-14B-Instruct-2512-GGUF:Q6_K
33,Experiment-33-granite4-h_350m-GGUF-429-words,unsloth-via-hf.co,9,hf.co/unsloth/granite-4.0-h-350m-GGUF:BF16;hf.co/unsloth/granite-4.0-h-350m-GGUF:Q3_K_M;hf.co/unsloth/granite-4.0-h-350m-GGUF:Q3_K_S;hf.co/unsloth/granite-4.0-h-350m-GGUF:Q4_K_M;hf.co/unsloth/granite-4.0-h-350m-GGUF:Q4_K_S;hf.co/unsloth/granite-4.0-h-350m-GGUF:Q5_K_M;hf.co/unsloth/granite-4.0-h-350m-GGUF:Q5_K_S;hf.co/unsloth/granite-4.0-h-350m-GGUF:Q6_K;hf.co/unsloth/granite-4.0-h-350m-GGUF:Q8_0
34,Experiment-34-granite4-h_1b-GGUF-429-words,unsloth-via-hf.co,11,hf.co/unsloth/granite-4.0-h-1b-GGUF:BF16;hf.co/unsloth/granite-4.0-h-1b-GGUF:Q2_K;hf.co/unsloth/granite-4.0-h-1b-GGUF:Q2_K_L;hf.co/unsloth/granite-4.0-h-1b-GGUF:Q3_K_M;hf.co/unsloth/granite-4.0-h-1b-GGUF:Q3_K_S;hf.co/unsloth/granite-4.0-h-1b-GGUF:Q4_K_M;hf.co/unsloth/granite-4.0-h-1b-GGUF:Q4_K_S;hf.co/unsloth/granite-4.0-h-1b-GGUF:Q5_K_M;hf.co/unsloth/granite-4.0-h-1b-GGUF:Q5_K_S;hf.co/unsloth/granite-4.0-h-1b-GGUF:Q6_K;hf.co/unsloth/granite-4.0-h-1b-GGUF:Q8_0
35,Experiment-35-granite4-h_3b-GGUF-429-words,unsloth-via-hf.co,11,hf.co/unsloth/granite-4.0-h-micro-GGUF:BF16;hf.co/unsloth/granite-4.0-h-micro-GGUF:Q2_K;hf.co/unsloth/granite-4.0-h-micro-GGUF:Q2_K_L;hf.co/unsloth/granite-4.0-h-micro-GGUF:Q3_K_M;hf.co/unsloth/granite-4.0-h-micro-GGUF:Q3_K_S;hf.co/unsloth/granite-4.0-h-micro-GGUF:Q4_K_M;hf.co/unsloth/granite-4.0-h-micro-GGUF:Q4_K_S;hf.co/unsloth/granite-4.0-h-micro-GGUF:Q5_K_M;hf.co/unsloth/granite-4.0-h-micro-GGUF:Q5_K_S;hf.co/unsloth/granite-4.0-h-micro-GGUF:Q6_K;hf.co/unsloth/granite-4.0-h-micro-GGUF:Q8_0
36,Experiment-36-ministral3_3b-instruct2512-GGUF-429-words,unsloth-via-hf.co,11,hf.co/unsloth/Ministral-3-3B-Instruct-2512-GGUF:BF16;hf.co/unsloth/Ministral-3-3B-Instruct-2512-GGUF:Q2_K;hf.co/unsloth/Ministral-3-3B-Instruct-2512-GGUF:Q2_K_L;hf.co/unsloth/Ministral-3-3B-Instruct-2512-GGUF:Q3_K_M;hf.co/unsloth/Ministral-3-3B-Instruct-2512-GGUF:Q3_K_S;hf.co/unsloth/Ministral-3-3B-Instruct-2512-GGUF:Q4_K_M;hf.co/unsloth/Ministral-3-3B-Instruct-2512-GGUF:Q4_K_S;hf.co/unsloth/Ministral-3-3B-Instruct-2512-GGUF:Q5_K_M;hf.co/unsloth/Ministral-3-3B-Instruct-2512-GGUF:Q5_K_S;hf.co/unsloth/Ministral-3-3B-Instruct-2512-GGUF:Q6_K;hf.co/unsloth/Ministral-3-3B-Instruct-2512-GGUF:Q8_0
37,Experiment-37-LFM2_700m--GGUF-429-words,unsloth-via-hf.co,11,hf.co/unsloth/LFM2-700M-GGUF:F16;hf.co/unsloth/LFM2-700M-GGUF:Q2_K;hf.co/unsloth/LFM2-700M-GGUF:Q2_K_L;hf.co/unsloth/LFM2-700M-GGUF:Q3_K_M;hf.co/unsloth/LFM2-700M-GGUF:Q3_K_S;hf.co/unsloth/LFM2-700M-GGUF:Q4_K_M;hf.co/unsloth/LFM2-700M-GGUF:Q4_K_S;hf.co/unsloth/LFM2-700M-GGUF:Q5_K_M;hf.co/unsloth/LFM2-700M-GGUF:Q5_K_S;hf.co/unsloth/LFM2-700M-GGUF:Q6_K;hf.co/unsloth/LFM2-700M-GGUF:Q8_0
38,Experiment-38-LFM2_1.2b--GGUF-429-words,unsloth-via-hf.co,11,hf.co/unsloth/LFM2-1.2B-GGUF:F16;hf.co/unsloth/LFM2-1.2B-GGUF:Q2_K;hf.co/unsloth/LFM2-1.2B-GGUF:Q2_K_L;hf.co/unsloth/LFM2-1.2B-GGUF:Q3_K_M;hf.co/unsloth/LFM2-1.2B-GGUF:Q3_K_S;hf.co/unsloth/LFM2-1.2B-GGUF:Q4_K_M;hf.co/unsloth/LFM2-1.2B-GGUF:Q4_K_S;hf.co/unsloth/LFM2-1.2B-GGUF:Q5_K_M;hf.co/unsloth/LFM2-1.2B-GGUF:Q5_K_S;hf.co/unsloth/LFM2-1.2B-GGUF:Q6_K;hf.co/unsloth/LFM2-1.2B-GGUF:Q8_0
39,Experiment-39-LFM2.5-instruct_1.2b--GGUF-429-words,unsloth-via-hf.co,11,hf.co/unsloth/LFM2.5-1.2B-Instruct-GGUF:BF16;hf.co/unsloth/LFM2.5-1.2B-Instruct-GGUF:Q2_K;hf.co/unsloth/LFM2.5-1.2B-Instruct-GGUF:Q2_K_L;hf.co/unsloth/LFM2.5-1.2B-Instruct-GGUF:Q3_K_M;hf.co/unsloth/LFM2.5-1.2B-Instruct-GGUF:Q3_K_S;hf.co/unsloth/LFM2.5-1.2B-Instruct-GGUF:Q4_K_M;hf.co/unsloth/LFM2.5-1.2B-Instruct-GGUF:Q4_K_S;hf.co/unsloth/LFM2.5-1.2B-Instruct-GGUF:Q5_K_M;hf.co/unsloth/LFM2.5-1.2B-Instruct-GGUF:Q5_K_S;hf.co/unsloth/LFM2.5-1.2B-Instruct-GGUF:Q6_K;hf.co/unsloth/LFM2.5-1.2B-Instruct-GGUF:Q8_0
40,Experiment-40-granite4-h_7b-GGUF-429-words,unsloth-via-hf.co,10,hf.co/unsloth/granite-4.0-h-tiny-GGUF:Q2_K;hf.co/unsloth/granite-4.0-h-tiny-GGUF:Q2_K_L;hf.co/unsloth/granite-4.0-h-tiny-GGUF:Q3_K_M;hf.co/unsloth/granite-4.0-h-tiny-GGUF:Q3_K_S;hf.co/unsloth/granite-4.0-h-tiny-GGUF:Q4_K_M;hf.co/unsloth/granite-4.0-h-tiny-GGUF:Q4_K_S;hf.co/unsloth/granite-4.0-h-tiny-GGUF:Q5_K_M;hf.co/unsloth/granite-4.0-h-tiny-GGUF:Q5_K_S;hf.co/unsloth/granite-4.0-h-tiny-GGUF:Q6_K;hf.co/unsloth/granite-4.0-h-tiny-GGUF:Q8_0
41,Experiment-41-LFM2_8b--GGUF-429-words,unsloth-via-hf.co,9,hf.co/unsloth/LFM2-8B-A1B-GGUF:BF16;hf.co/unsloth/LFM2-8B-A1B-GGUF:Q2_K;hf.co/unsloth/LFM2-8B-A1B-GGUF:Q2_K_L;hf.co/unsloth/LFM2-8B-A1B-GGUF:Q3_K_M;hf.co/unsloth/LFM2-8B-A1B-GGUF:Q3_K_S;hf.co/unsloth/LFM2-8B-A1B-GGUF:Q4_K_M;hf.co/unsloth/LFM2-8B-A1B-GGUF:Q4_K_S;hf.co/unsloth/LFM2-8B-A1B-GGUF:Q5_K_M;hf.co/unsloth/LFM2-8B-A1B-GGUF:Q5_K_S
42,Experiment-42-ministral3-8b-instruct2512-gguf-429-words,unsloth-via-hf.co,8,hf.co/unsloth/Ministral-3-8B-Instruct-2512-GGUF:BF16;hf.co/unsloth/Ministral-3-8B-Instruct-2512-GGUF:Q2_K;hf.co/unsloth/Ministral-3-8B-Instruct-2512-GGUF:Q2_K_L;hf.co/unsloth/Ministral-3-8B-Instruct-2512-GGUF:Q3_K_M;hf.co/unsloth/Ministral-3-8B-Instruct-2512-GGUF:Q3_K_S;hf.co/unsloth/Ministral-3-8B-Instruct-2512-GGUF:Q4_K_M;hf.co/unsloth/Ministral-3-8B-Instruct-2512-GGUF:Q4_K_S;hf.co/unsloth/Ministral-3-8B-Instruct-2512-GGUF:Q6_K
43,Experiment-43-phi3.5_3.8b-common_words,ollama-native,8,phi3.5:3.8b-mini-instruct-fp16;phi3.5:3.8b-mini-instruct-q2_K;phi3.5:3.8b-mini-instruct-q3_K_L;phi3.5:3.8b-mini-instruct-q3_K_M;phi3.5:3.8b-mini-instruct-q3_K_S;phi3.5:3.8b-mini-instruct-q4_K_M;phi3.5:3.8b-mini-instruct-q6_K;phi3.5:3.8b-mini-instruct-q8_0
44,Experiment-44-gemma2_9b-instruct-common_words,ollama-native,5,gemma2:9b-instruct-fp16;gemma2:9b-instruct-q2_K;gemma2:9b-instruct-q3_K_M;gemma2:9b-instruct-q4_K_M;gemma2:9b-instruct-q8_0
45,Experiment-45-llama3.2_3b-instruct-common_words,ollama-native,5,llama3.2:3b-instruct-fp16;llama3.2:3b-instruct-q2_K;llama3.2:3b-instruct-q4_K_M;llama3.2:3b-instruct-q6_K;llama3.2:3b-instruct-q8_0
46,Experiment-46-granite4-h_1b-gguf-common_words,unsloth-via-hf.co,3,hf.co/unsloth/granite-4.0-h-1b-GGUF:BF16;hf.co/unsloth/granite-4.0-h-1b-GGUF:Q2_K;hf.co/unsloth/granite-4.0-h-1b-GGUF:Q4_K_M
47,Experiment-47-LFM2.5-instruct_1.2b-gguf-common_words,unsloth-via-hf.co,3,hf.co/unsloth/LFM2.5-1.2B-Instruct-GGUF:BF16;hf.co/unsloth/LFM2.5-1.2B-Instruct-GGUF:Q2_K;hf.co/unsloth/LFM2.5-1.2B-Instruct-GGUF:Q4_K_M
59,Experiment-59-llama3.2_1b-instruct-common_words,ollama-native,2,llama3.2:1b-instruct-fp16;llama3.2:1b-instruct-q2_K
60,Experiment-60-qwen2.5_1.5b-instruct-common_words,ollama-native,2,qwen2.5:1.5b-instruct-fp16;qwen2.5:1.5b-instruct-q2_K
61,Experiment-61-qwen2.5_0.5b-instruct-common_words,ollama-native,2,qwen2.5:0.5b-instruct-fp16;qwen2.5:0.5b-instruct-q2_K
62,Experiment-62-LFM2_700m-gguf-common_words,unsloth-via-hf.co,2,hf.co/unsloth/LFM2-700M-GGUF:F16;hf.co/unsloth/LFM2-700M-GGUF:Q2_K
63,Experiment-63-LFM2_1.2b-gguf-common_words,unsloth-via-hf.co,2,hf.co/unsloth/LFM2-1.2B-GGUF:F16;hf.co/unsloth/LFM2-1.2B-GGUF:Q2_K
64,Experiment-64-granite4-h_350m-gguf-common_words,unsloth-via-hf.co,2,hf.co/unsloth/granite-4.0-h-350m-GGUF:BF16;hf.co/unsloth/granite-4.0-h-350m-GGUF:Q3_K_M
