word,difficulty,pos,common_synonym,zipf
happy,easy,adj,joyful,5.35
sad,easy,adj,unhappy,4.84
big,easy,adj,large,5.67
small,easy,adj,tiny,5.51
fast,easy,adj,quick,5.13
slow,easy,adj,sluggish,4.85
hot,easy,adj,warm,5.16
cold,easy,adj,chilly,5.02
angry,easy,adj,furious,4.66
scared,easy,adj,afraid,4.6
tired,easy,adj,exhausted,4.71
rich,easy,adj,wealthy,4.91
poor,easy,adj,destitute,5.09
strong,easy,adj,powerful,5.22
weak,easy,adj,feeble,4.66
clean,easy,adj,tidy,4.97
dirty,easy,adj,filthy,4.55
smart,easy,adj,intelligent,4.83
quiet,easy,adj,silent,4.65
loud,easy,adj,noisy,4.53
beautiful,easy,adj,gorgeous,5.22
ugly,easy,adj,hideous,4.42
cheap,easy,adj,inexpensive,4.71
expensive,easy,adj,costly,4.69
thick,easy,adj,dense,4.46
thin,easy,adj,slim,4.47
heavy,easy,adj,weighty,4.96
rough,easy,adj,coarse,4.49
smooth,easy,adj,sleek,4.4
safe,easy,adj,secure,5.07
dangerous,easy,adj,risky,4.79
funny,easy,adj,humorous,5.02
weird,easy,adj,strange,4.81
dry,easy,adj,parched,4.74
wet,easy,adj,damp,4.54
run,easy,verb,sprint,5.49
walk,easy,verb,stroll,5.08
jump,easy,verb,leap,4.69
sleep,easy,verb,slumber,5.05
eat,easy,verb,consume,5.13
buy,easy,verb,purchase,5.32
sell,easy,verb,trade,4.98
build,easy,verb,construct,5.04
destroy,easy,verb,demolish,4.52
start,easy,verb,begin,5.56
stop,easy,verb,halt,5.52
help,easy,verb,assist,5.75
push,easy,verb,shove,4.82
pull,easy,verb,drag,4.82
win,easy,verb,triumph,5.39
lose,easy,verb,forfeit,5.08
teach,easy,verb,educate,4.67
learn,easy,verb,study,5.17
hide,easy,verb,conceal,4.54
find,easy,verb,locate,5.76
give,easy,verb,provide,5.71
take,easy,verb,grab,5.92
throw,easy,verb,toss,4.83
catch,easy,verb,snatch,4.87
fix,easy,verb,repair,4.75
break,easy,verb,shatter,5.18
cry,easy,verb,weep,4.59
laugh,easy,verb,chuckle,4.66
ask,easy,verb,inquire,5.34
answer,easy,verb,reply,5.17
choose,easy,verb,select,4.91
shout,easy,verb,yell,4.06
whisper,easy,verb,murmur,3.74
car,easy,noun,vehicle,5.45
house,easy,noun,residence,5.71
job,easy,noun,profession,5.5
money,easy,noun,currency,5.64
child,easy,noun,youth,5.3
friend,easy,noun,companion,5.37
enemy,easy,noun,foe,4.7
teacher,easy,noun,instructor,4.88
student,easy,noun,pupil,5.02
city,easy,noun,municipality,5.61
road,easy,noun,street,5.24
animal,easy,noun,creature,4.81
ocean,easy,noun,sea,4.7
doctor,easy,noun,physician,4.9
law,easy,noun,regulation,5.46
game,easy,noun,match,5.72
room,easy,noun,chamber,5.39
idea,easy,noun,concept,5.36
clothes,easy,noun,garments,4.72
food,easy,noun,nourishment,5.4
gift,easy,noun,present,4.78
garbage,easy,noun,rubbish,4.18
mistake,easy,noun,error,4.67
picture,easy,noun,image,5.13
tool,easy,noun,instrument,4.56
building,easy,noun,structure,5.29
river,easy,noun,stream,5.03
mountain,easy,noun,peak,4.73
forest,easy,noun,woodland,4.7
computer,easy,noun,machine,4.97
airport,easy,noun,terminal,4.84
hospital,easy,noun,infirmary,5.07
