word,difficulty,pos,common_synonym
abjure,hard,verb,reject
abrogate,hard,verb,cancel
abscond,hard,verb,escape
abstemious,hard,adj,strict
accretion,medium,noun,growth
acerbic,medium,adj,sharp
acidulous,hard,adj,sour
acquiesce,medium,verb,agree
acrimonious,hard,adj,bitter
adduce,hard,verb,cite
adumbrate,hard,verb,outline
affable,medium,adj,friendly
aficionado,medium,noun,fan
alacrity,medium,noun,eagerness
allay,medium,verb,calm
ameliorate,medium,verb,improve
anachronism,medium,noun,error
anathema,hard,noun,curse
ancillary,medium,adj,extra
anomie,hard,noun,chaos
antediluvian,hard,adj,ancient
antipathy,medium,noun,dislike
aplomb,medium,noun,calm
apocryphal,hard,adj,false
apotheosis,hard,noun,peak
approbation,medium,noun,praise
arabesque,hard,noun,design
arcanum,hard,noun,secret
arid,medium,adj,dry
asperity,hard,noun,harshness
aspersion,hard,noun,insult
assiduous,medium,adj,hardworking
attenuate,hard,verb,weaken
auspicious,medium,adj,lucky
autodidact,hard,noun,learner
aver,medium,verb,state
axiomatic,medium,adj,obvious
bacchanal,hard,noun,party
banal,medium,adj,boring
bellicose,hard,adj,warlike
bifurcate,hard,verb,split
blandishment,hard,noun,flattery
bombastic,medium,adj,loud
bourgeois,medium,adj,plain
burgeon,medium,verb,grow
cacophony,medium,noun,noise
calumny,hard,noun,lie
capricious,medium,adj,changeable
castigate,hard,verb,scold
cathartic,medium,adj,cleansing
celerity,hard,noun,speed
chicanery,hard,noun,trick
choleric,hard,adj,angry
circuitous,medium,adj,roundabout
clandestine,medium,adj,secret
cogent,medium,adj,strong
cognoscenti,hard,noun,experts
colloquy,hard,noun,talk
comestible,hard,noun,food
compendious,hard,adj,brief
complaisant,hard,adj,polite
concatenation,hard,noun,chain
concomitant,hard,adj,linked
conflagration,hard,noun,fire
confluence,medium,noun,meeting
conjecture,medium,noun,guess
convivial,medium,adj,cheerful
corpulent,medium,adj,fat
coruscate,hard,verb,sparkle
credulous,medium,adj,gullible
cupidity,hard,noun,greed
cursory,medium,adj,quick
dearth,medium,noun,lack
debilitate,medium,verb,weaken
decadent,medium,adj,wasteful
decorous,medium,adj,proper
deleterious,hard,adj,harmful
demagogue,medium,noun,leader
demarcate,hard,verb,mark
demure,medium,adj,shy
denigrate,medium,verb,insult
derelict,medium,adj,abandoned
desiccate,hard,verb,dry
desultory,hard,adj,aimless
diaphanous,hard,adj,thin
diatribe,medium,noun,rant
dichotomy,medium,noun,split
didactic,medium,adj,teaching
diffident,medium,adj,shy
dilatory,hard,adj,slow
dilettante,medium,noun,amateur
dirge,medium,noun,song
discomfit,medium,verb,upset
disparate,medium,adj,different
disquiet,medium,noun,worry
dissonance,medium,noun,clash
divagate,hard,verb,wander
divest,medium,verb,remove
dogmatic,medium,adj,strict
doughty,hard,adj,brave
dour,medium,adj,grim
draconian,medium,adj,harsh
ebullient,medium,adj,cheerful
eccentric,medium,adj,odd
efface,hard,verb,erase
effervescent,medium,adj,bubbly
effulgent,hard,adj,bright
egregious,medium,adj,shocking
eleemosynary,hard,adj,charitable
elliptical,medium,adj,unclear
emend,hard,verb,fix
encomium,hard,noun,praise
enervate,hard,verb,weaken
engender,medium,verb,cause
enigmatic,medium,adj,mysterious
ennui,medium,noun,boredom
ensconce,hard,verb,settle
entreat,medium,verb,beg
ephemeral,medium,adj,brief
epicure,medium,noun,foodie
epistolary,hard,adj,written
equanimity,medium,noun,calm
equivocate,hard,verb,hedge
ersatz,medium,adj,fake
eschew,medium,verb,avoid
esoteric,medium,adj,secret
espouse,medium,verb,support
ethereal,medium,adj,light
euphemism,medium,noun,softening
evanescent,hard,adj,fading
exacerbate,medium,verb,worsen
excoriate,hard,verb,criticize
exculpate,hard,verb,free
execrable,hard,adj,awful
exegesis,hard,noun,explanation
exigent,hard,adj,urgent
exonerate,medium,verb,clear
expatiate,hard,verb,expand
expeditious,medium,adj,quick
extant,medium,adj,existing
extemporaneous,hard,adj,unplanned
extirpate,hard,verb,remove
facetious,medium,adj,playful
facetiousness,hard,noun,playfulness
facile,medium,adj,simple
fastidious,hard,adj,careful
fatuous,hard,adj,silly
fecund,medium,adj,fertile
feckless,hard,adj,weak
felicitous,hard,adj,fitting
feral,medium,adj,wild
fervid,hard,adj,intense
florid,medium,adj,fancy
flummox,medium,verb,confuse
foible,medium,noun,flaw
forbear,medium,verb,pause
forfend,hard,verb,prevent
fortuitous,medium,adj,lucky
fractious,hard,adj,grumpy
frangible,hard,adj,fragile
frisson,hard,noun,thrill
fulsome,medium,adj,excessive
furtive,medium,adj,sneaky
gainsay,hard,verb,deny
garrulous,medium,adj,talkative
gesticulate,medium,verb,wave
gossamer,medium,adj,light
grandiloquent,hard,adj,pompous
gregarious,medium,adj,social
hackneyed,medium,adj,tired
halcyon,hard,adj,peaceful
hapless,medium,adj,unlucky
harangue,medium,noun,speech
hedonist,medium,noun,pleaser
hegemonic,hard,adj,dominant
hermetic,hard,adj,sealed
heterodox,hard,adj,unusual
histrionic,medium,adj,dramatic
hubris,medium,noun,pride
iconoclast,medium,noun,rebel
idiosyncratic,medium,adj,quirky
ignominious,hard,adj,shameful
imbroglio,hard,noun,mess
immolate,hard,verb,burn
immutable,medium,adj,fixed
impassive,medium,adj,calm
impecunious,hard,adj,poor
impetuous,medium,adj,hasty
implacable,medium,adj,unyielding
importune,hard,verb,beg
improvident,hard,adj,wasteful
impugn,medium,verb,attack
inchoate,hard,adj,unfinished
incisive,medium,adj,sharp
incongruous,medium,adj,fitting
incorrigible,medium,adj,hopeless
indefatigable,hard,adj,tireless
indigent,medium,adj,poor
indolent,medium,adj,lazy
indomitable,medium,adj,strong
ineffable,hard,adj,unsaid
ineluctable,hard,adj,unavoidable
inept,medium,adj,clumsy
inexorable,medium,adj,relentless
ingenuous,medium,adj,open
inimical,hard,adj,hostile
inscrutable,medium,adj,mysterious
insipid,medium,adj,dull
insouciant,hard,adj,carefree
intractable,medium,adj,stubborn
intransigent,medium,adj,stubborn
intrepid,medium,adj,brave
inure,hard,verb,harden
invidious,hard,adj,unfair
irascible,medium,adj,angry
irrevocable,medium,adj,final
jocular,medium,adj,funny
jocund,hard,adj,cheerful
juxtapose,medium,verb,compare
lachrymose,hard,adj,tearful
laconic,medium,adj,brief
laggard,medium,noun,slowpoke
lambaste,medium,verb,scold
languid,medium,adj,tired
largesse,medium,noun,gift
lassitude,medium,noun,tiredness
latent,medium,adj,hidden
laudatory,medium,adj,praising
legerdemain,hard,noun,trick
licentious,hard,adj,wild
limpid,hard,adj,clear
loquacious,medium,adj,talkative
lugubrious,hard,adj,gloomy
luminous,medium,adj,bright
magnanimous,medium,adj,kind
malevolent,medium,adj,evil
malinger,medium,verb,pretend
malleable,medium,adj,flexible
mendacious,hard,adj,lying
mercurial,medium,adj,changeable
meretricious,hard,adj,flashy
milieu,medium,noun,setting
misanthrope,medium,noun,hater
mordant,hard,adj,biting
moribund,hard,adj,dying
munificent,hard,adj,generous
myopic,medium,adj,narrow
nebulous,medium,adj,vague
nefarious,medium,adj,evil
neophyte,medium,noun,beginner
nepotism,medium,noun,favoritism
nihilism,medium,noun,nothingness
noisome,hard,adj,smelly
nonplussed,hard,adj,confused
nostrum,hard,noun,cure
obdurate,medium,adj,stubborn
obfuscate,medium,verb,confuse
oblique,medium,adj,slanted
obsequious,medium,adj,servile
obstreperous,hard,adj,noisy
obviate,medium,verb,remove
occlude,hard,verb,block
odious,medium,adj,hateful
officious,medium,adj,bossy
omniscient,medium,adj,allknowing
onerous,medium,adj,heavy
opprobrium,hard,noun,shame
ossify,hard,verb,harden
ostensible,medium,adj,apparent
ostentatious,medium,adj,showy
palliate,hard,verb,ease
pallid,medium,adj,pale
panacea,medium,noun,cure
panegyric,hard,noun,praise
paragon,medium,noun,model
pariah,medium,noun,outcast
parsimonious,hard,adj,stingy
partisan,medium,adj,biased
paucity,medium,noun,scarcity
pedantic,medium,adj,fussy
pellucid,hard,adj,clear
penchant,medium,noun,liking
penurious,hard,adj,poor
percipient,hard,adj,aware
perdition,hard,noun,ruin
peremptory,hard,adj,firm
perfidious,hard,adj,treacherous
perfunctory,medium,adj,casual
peripatetic,hard,adj,wandering
pernicious,hard,adj,harmful
perspicacious,hard,adj,wise
perspicuous,hard,adj,clear
pertinacious,hard,adj,stubborn
petulant,medium,adj,irritable
phlegmatic,medium,adj,calm
picayune,hard,adj,trivial
pithy,medium,adj,brief
platitudinous,hard,adj,dull
plethora,medium,noun,excess
pliable,medium,adj,flexible
plucky,medium,adj,brave
poignant,medium,adj,moving
polemic,medium,noun,attack
polemical,medium,adj,critical
polyglot,medium,noun,linguist
portentous,hard,adj,ominous
precipitate,medium,adj,sudden
precocious,medium,adj,early
predilection,medium,noun,preference
prevaricate,hard,verb,lie
proclivity,medium,noun,tendency
profligate,medium,adj,wasteful
prolix,hard,adj,wordy
propinquity,hard,noun,closeness
propitiate,hard,verb,soothe
prosaic,medium,adj,dull
protean,hard,adj,changeable
proximate,medium,adj,near
puerile,medium,adj,childish
pugnacious,medium,adj,aggressive
pulchritudinous,hard,adj,beautiful
punctilious,medium,adj,careful
quandary,medium,noun,problem
querulous,medium,adj,complaining
quiescent,hard,adj,still
quixotic,medium,adj,unrealistic
raconteur,medium,noun,storyteller
rarefied,medium,adj,lofty
rebarbative,hard,adj,unpleasant
rebuff,medium,verb,refuse
recalcitrant,medium,adj,stubborn
recidivist,hard,noun,offender
recondite,hard,adj,obscure
redolent,medium,adj,fragrant
redoubtable,hard,adj,fearsome
remonstrate,hard,verb,protest
renege,medium,verb,backtrack
replete,medium,adj,full
reprobate,medium,noun,scoundrel
rescind,medium,verb,cancel
resplendent,hard,adj,shining
restive,medium,adj,restless
reticent,medium,adj,quiet
ribald,hard,adj,rude
ruminate,medium,verb,think
sagacious,hard,adj,wise
salient,medium,adj,important
salubrious,hard,adj,healthy
sanguine,medium,adj,hopeful
sardonic,medium,adj,mocking
sartorial,medium,adj,clothing
scintilla,hard,noun,trace
scintillating,medium,adj,sparkling
scurrilous,hard,adj,abusive
sedulous,hard,adj,diligent
sere,hard,adj,dry
serpentine,medium,adj,twisting
simulacrum,hard,noun,image
skullduggery,hard,noun,cheating
solipsistic,hard,adj,selfish
solvent,medium,adj,stable
soporific,medium,adj,sleepy
spurious,medium,adj,false
stentorian,hard,adj,loud
stolid,medium,adj,dull
strident,medium,adj,harsh
stultify,hard,verb,dull
subjugate,medium,verb,conquer
sublimate,hard,verb,redirect
suborn,hard,verb,bribe
subterfuge,medium,noun,trick
subversive,medium,adj,rebellious
succor,hard,noun,help
sullen,medium,adj,gloomy
supercilious,medium,adj,proud
surfeit,medium,noun,excess
sycophant,medium,noun,flatterer
taciturn,medium,adj,silent
talisman,medium,noun,charm
tawdry,medium,adj,cheap
temerity,medium,noun,boldness
temporal,medium,adj,earthly
tendentious,hard,adj,biased
tenebrous,hard,adj,dark
tenuous,medium,adj,weak
terse,medium,adj,brief
timorous,medium,adj,fearful
torpid,medium,adj,sluggish
trenchant,medium,adj,sharp
truculent,hard,adj,hostile
turbid,hard,adj,cloudy
turgid,medium,adj,swollen
ubiquitous,medium,adj,common
umbrage,medium,noun,offense
unctuous,medium,adj,oily
upbraid,medium,verb,scold
urbane,medium,adj,polished
vacillate,medium,verb,waver
vapid,medium,adj,dull
variegated,medium,adj,mixed
venal,medium,adj,corrupt
veracity,medium,noun,truth
verdant,medium,adj,green
verisimilitude,hard,noun,realism
veritable,medium,adj,real
vernal,hard,adj,spring
verve,medium,noun,energy
vex,medium,verb,annoy
vicissitude,hard,noun,change
vigilant,medium,adj,watchful
vilify,medium,verb,insult
vindicate,medium,verb,justify
vindictive,medium,adj,spiteful
virulent,medium,adj,poisonous
viscid,hard,adj,sticky
viscous,medium,adj,thick
vitriolic,medium,adj,harsh
vituperative,hard,adj,abusive
vociferous,medium,adj,noisy
voluble,medium,adj,talkative
voracious,medium,adj,hungry
wan,medium,adj,pale
wanton,medium,adj,cruel
wizened,hard,adj,wrinkled
xeric,hard,adj,dry
yokel,medium,noun,bumpkin
zealous,medium,adj,eager
zenith,medium,noun,top
zephyr,hard,noun,breeze
