model,word,prompt,output,latency,t2
LFM2-700M_fp16,happy,"Define the English word ""happy"" in one concise sentence.","Happy is a feeling of great pleasure, joy, contentment, or satisfaction.",0.170588731765747,1
LFM2-700M_fp16,sad,"Define the English word ""sad"" in one concise sentence.","The English word ""sad"" means feeling or showing sorrow, disappointment, or unhappiness.",0.1661584377288818,1
LFM2-700M_fp16,big,"Define the English word ""big"" in one concise sentence.","The English word ""big"" is used to describe something that is large or substantial in size, often implying importance or magnitude.",0.1894176006317138,1
LFM2-700M_fp16,small,"Define the English word ""small"" in one concise sentence.","Small refers to something that is not large or big, typically implying a limited size or extent.",0.1542320251464843,1
LFM2-700M_fp16,fast,"Define the English word ""fast"" in one concise sentence.",Fast means quick or rapid in speed or time.,0.1053013801574707,1
LFM2-700M_fp16,slow,"Define the English word ""slow"" in one concise sentence.",Slow refers to something that moves or occurs at a very gradual pace.,0.1324529647827148,1
LFM2-700M_fp16,hot,"Define the English word ""hot"" in one concise sentence.","The English word ""hot"" can be defined as a state of being warm or fiery.",0.154428482055664,1
LFM2-700M_fp16,cold,"Define the English word ""cold"" in one concise sentence.","The word ""cold"" describes something or someone that is extremely chilly or lacking warmth.",0.1535747051239013,1
LFM2-700M_fp16,angry,"Define the English word ""angry"" in one concise sentence.",Angry means feeling or showing strong displeasure or hostility.,0.1197695732116699,1
LFM2-700M_fp16,scared,"Define the English word ""scared"" in one concise sentence.","The word ""scared"" means to feel fear or anxiety about something or someone.",0.1415491104125976,1
LFM2-700M_fp16,tired,"Define the English word ""tired"" in one concise sentence.","The word ""tired"" means feeling exhausted or depleted due to lack of rest or activity.",0.1553897857666015,1
LFM2-700M_fp16,rich,"Define the English word ""rich"" in one concise sentence.","To define the English word ""rich"" concisely: ""Rich refers to having a large amount of wealth, resources, or possessions.""",0.204042911529541,0
LFM2-700M_fp16,poor,"Define the English word ""poor"" in one concise sentence.","To define the English word ""poor"" in one concise sentence: ""To describe someone or something lacking sufficient resources or income to meet basic needs.""",0.2091782093048095,0
LFM2-700M_fp16,strong,"Define the English word ""strong"" in one concise sentence.","A strong person or thing possesses considerable power, resilience, or force.",0.1255185604095459,1
LFM2-700M_fp16,weak,"Define the English word ""weak"" in one concise sentence.","To define the English word ""weak"" in one concise sentence: ""Weakness refers to a lack of strength, power, or ability, often resulting in vulnerability or inability to perform effectively.""",0.2659835815429687,0
LFM2-700M_fp16,clean,"Define the English word ""clean"" in one concise sentence.","To be free from dirt, grime, or impurities, and to be in a state of orderliness and tidiness.",0.1926779747009277,1
LFM2-700M_fp16,dirty,"Define the English word ""dirty"" in one concise sentence.","The word ""dirty"" means unclean, impure, or lacking in cleanliness.",0.1597490310668945,1
LFM2-700M_fp16,smart,"Define the English word ""smart"" in one concise sentence.","A smart person is someone who is intelligent, resourceful, and able to adapt to new situations.",0.1588959693908691,1
LFM2-700M_fp16,quiet,"Define the English word ""quiet"" in one concise sentence.","Quiet means calm, peaceful, and without noise or disturbance.",0.1191174983978271,0
LFM2-700M_fp16,loud,"Define the English word ""loud"" in one concise sentence.","The word ""loud"" describes something that is very noisy or echoing.",0.1377103328704834,1
LFM2-700M_fp16,beautiful,"Define the English word ""beautiful"" in one concise sentence.","A beautiful thing is one that is pleasing to the eye or senses, often characterized by its elegance, harmony, or charm.",0.2029216289520263,0
LFM2-700M_fp16,ugly,"Define the English word ""ugly"" in one concise sentence.","The word ""ugly"" means something that looks unattractive or displeasing.",0.1479759216308593,1
LFM2-700M_fp16,cheap,"Define the English word ""cheap"" in one concise sentence.","""Cheap"" means low-priced or inexpensive.",0.1104357242584228,1
LFM2-700M_fp16,expensive,"Define the English word ""expensive"" in one concise sentence.",Expensive means costly or very expensive.,0.0909194946289062,1
LFM2-700M_fp16,thick,"Define the English word ""thick"" in one concise sentence.","The word ""thick"" describes something that is dense, heavy, or substantial in thickness.",0.1488969326019287,1
LFM2-700M_fp16,thin,"Define the English word ""thin"" in one concise sentence.","The word ""thin"" describes something that is light, delicate, or lacking in substance or thickness.",0.1651599407196045,0
LFM2-700M_fp16,heavy,"Define the English word ""heavy"" in one concise sentence.","Heavy means having a high weight or density, often causing difficulty in movement or carrying.",0.1480343341827392,1
LFM2-700M_fp16,rough,"Define the English word ""rough"" in one concise sentence.","The word ""rough"" describes something that is rough, rough-hewn, or rough-hewn in texture or appearance.",0.1815872192382812,0
LFM2-700M_fp16,smooth,"Define the English word ""smooth"" in one concise sentence.","Smooth refers to being gentle, even, and without rough edges or bumps.",0.1431574821472168,1
LFM2-700M_fp16,safe,"Define the English word ""safe"" in one concise sentence.",A safe environment or situation is one where there is minimal risk of harm or danger.,0.1495692729949951,0
LFM2-700M_fp16,dangerous,"Define the English word ""dangerous"" in one concise sentence.","The word ""dangerous"" describes something that poses a risk of harm or injury.",0.1468291282653808,0
LFM2-700M_fp16,funny,"Define the English word ""funny"" in one concise sentence.","A word that describes something or someone that is amusing, ridiculous, or entertaining.",0.142449140548706,1
LFM2-700M_fp16,weird,"Define the English word ""weird"" in one concise sentence.","The word ""weird"" describes something that is strange, bizarre, or unusual in a way that is unsettling or unexpected.",0.199455976486206,1
LFM2-700M_fp16,dry,"Define the English word ""dry"" in one concise sentence.","The word ""dry"" describes something that lacks moisture or is devoid of water.",0.147634744644165,1
LFM2-700M_fp16,wet,"Define the English word ""wet"" in one concise sentence.","The word ""wet"" can mean having or being covered with water, or it can also describe something that is slippery or sloppy.",0.2154667377471923,0
LFM2-700M_fp16,run,"Define the English word ""run"" in one concise sentence.","To move quickly and efficiently over a distance, either on foot, by vehicle, or by other means.",0.1674072742462158,1
LFM2-700M_fp16,walk,"Define the English word ""walk"" in one concise sentence.",To move from one place to another on foot.,0.1126546859741211,0
LFM2-700M_fp16,jump,"Define the English word ""jump"" in one concise sentence.","To leap or spring upwards with force, typically using the legs.",0.1214971542358398,1
LFM2-700M_fp16,sleep,"Define the English word ""sleep"" in one concise sentence.",Sleep is a natural state of restful physical and mental activity that occurs when the body's internal clock signals the brain to slow down and conserve energy.,0.2160243988037109,1
LFM2-700M_fp16,eat,"Define the English word ""eat"" in one concise sentence.",To consume food or other substances for nourishment and sustenance.,0.1263132095336914,1
LFM2-700M_fp16,buy,"Define the English word ""buy"" in one concise sentence.",To purchase or acquire something with money.,0.0915570259094238,1
LFM2-700M_fp16,sell,"Define the English word ""sell"" in one concise sentence.",To transfer goods or services from one person or entity to another for monetary compensation.,0.1370232105255127,0
LFM2-700M_fp16,build,"Define the English word ""build"" in one concise sentence.","To construct or create something, especially a structure or object, by using materials or labor.",0.1736841201782226,1
LFM2-700M_fp16,destroy,"Define the English word ""destroy"" in one concise sentence.","To destroy means to break down or obliterate something completely, often with the intent of causing harm or loss.",0.1758272647857666,0
LFM2-700M_fp16,start,"Define the English word ""start"" in one concise sentence.","To begin or commence an action, event, or process.",0.114154577255249,1
LFM2-700M_fp16,stop,"Define the English word ""stop"" in one concise sentence.",To cease or halt something.,0.078646183013916,1
LFM2-700M_fp16,help,"Define the English word ""help"" in one concise sentence.",To assist or provide aid to someone or something.,0.1027500629425048,1
LFM2-700M_fp16,push,"Define the English word ""push"" in one concise sentence.",To move or exert force against an object or person.,0.1083383560180664,1
LFM2-700M_fp16,pull,"Define the English word ""pull"" in one concise sentence.",To draw or move something with one's hand or body.,0.1141600608825683,1
LFM2-700M_fp16,win,"Define the English word ""win"" in one concise sentence.","To achieve a desired outcome or result, especially in a game or competition.",0.1317739486694336,0
LFM2-700M_fp16,lose,"Define the English word ""lose"" in one concise sentence.","To give up or surrender something of value, such as money, a relationship, or a chance.",0.1600391864776611,0
LFM2-700M_fp16,teach,"Define the English word ""teach"" in one concise sentence.","To teach means to impart knowledge, skills, or values to someone through instruction, guidance, or mentorship.",0.1699709892272949,1
LFM2-700M_fp16,learn,"Define the English word ""learn"" in one concise sentence.","To acquire knowledge, skills, or understanding through experience, study, or practice.",0.1380326747894287,1
LFM2-700M_fp16,hide,"Define the English word ""hide"" in one concise sentence.",To conceal or keep secret from others.,0.0906984806060791,1
LFM2-700M_fp16,find,"Define the English word ""find"" in one concise sentence.",To discover or locate something that was previously unknown or hidden.,0.1142621040344238,1
LFM2-700M_fp16,give,"Define the English word ""give"" in one concise sentence.",To transfer possession or an action from one person or thing to another.,0.126213788986206,1
LFM2-700M_fp16,take,"Define the English word ""take"" in one concise sentence.","To take means to receive or use something, often involving an action of moving or carrying something from one place to another.",0.1829316616058349,0
LFM2-700M_fp16,throw,"Define the English word ""throw"" in one concise sentence.","To release something from the hand or a body, such as a ball, object, or animal, by using the arm or hand.",0.2006981372833252,0
LFM2-700M_fp16,catch,"Define the English word ""catch"" in one concise sentence.",To catch means to successfully grab or pull something with one's hands or fingers.,0.141279935836792,1
LFM2-700M_fp16,fix,"Define the English word ""fix"" in one concise sentence.","To ""fix"" something means to repair or make it work again.",0.1261599063873291,1
LFM2-700M_fp16,break,"Define the English word ""break"" in one concise sentence.","To end or cease in action, existence, or condition.",0.1131684780120849,0
LFM2-700M_fp16,cry,"Define the English word ""cry"" in one concise sentence.","To cry means to express strong emotions, such as sadness, anger, or surprise, by making a sound of the throat.",0.1877491474151611,0
LFM2-700M_fp16,laugh,"Define the English word ""laugh"" in one concise sentence.","To laugh is to produce a sound or expression of amusement, often accompanied by a wide-eyed grin and exaggerated facial expressions.",0.1889307498931884,1
LFM2-700M_fp16,ask,"Define the English word ""ask"" in one concise sentence.",To inquire or request something from someone or something.,0.1110424995422363,1
LFM2-700M_fp16,answer,"Define the English word ""answer"" in one concise sentence.","A response or solution to a question, problem, or issue.",0.1206836700439453,1
LFM2-700M_fp16,choose,"Define the English word ""choose"" in one concise sentence.",To choose means to select one option or course of action from several available alternatives.,0.1575245857238769,1
LFM2-700M_fp16,shout,"Define the English word ""shout"" in one concise sentence.","To shout means to speak loudly and forcefully, often in a frustrated or angry manner.",0.1553683280944824,1
LFM2-700M_fp16,whisper,"Define the English word ""whisper"" in one concise sentence.","To speak very softly, barely audible, often in a private or intimate setting.",0.1426482200622558,0
LFM2-700M_fp16,car,"Define the English word ""car"" in one concise sentence.","A car is a motor vehicle designed for transportation, typically powered by an internal combustion engine or electric motor, and equipped with various features such as a steering wheel, pedals, and a dashboard for controls and information.",0.2947039604187011,1
LFM2-700M_fp16,house,"Define the English word ""house"" in one concise sentence.","A house is a building where people live, typically consisting of rooms and a roof for shelter.",0.1531531810760498,1
LFM2-700M_fp16,job,"Define the English word ""job"" in one concise sentence.","A job is a regular employment arrangement, typically involving a set of tasks and responsibilities, usually paid, that an individual performs for an employer.",0.2089107036590576,1
LFM2-700M_fp16,money,"Define the English word ""money"" in one concise sentence.","""Money"" refers to a medium of exchange, unit of account, and store of value used for economic transactions.",0.176509141921997,1
LFM2-700M_fp16,child,"Define the English word ""child"" in one concise sentence.","A child is a young person, typically under the age of 18, who is in the process of growing up and developing into an adult.",0.2096667289733886,1
LFM2-700M_fp16,friend,"Define the English word ""friend"" in one concise sentence.","A friend is a person with whom one shares close emotional bonds, mutual trust, and loyalty.",0.1524972915649414,0
LFM2-700M_fp16,enemy,"Define the English word ""enemy"" in one concise sentence.","An enemy is an individual or group that opposes or seeks to harm another, often in a political, military, or ideological context.",0.2009739875793457,0
LFM2-700M_fp16,teacher,"Define the English word ""teacher"" in one concise sentence.","A teacher is an educator who imparts knowledge, skills, and values to students through instruction and guidance.",0.1657977104187011,1
LFM2-700M_fp16,student,"Define the English word ""student"" in one concise sentence.",A student is an individual who is enrolled in an educational institution to pursue academic learning and knowledge acquisition.,0.1587107181549072,1
LFM2-700M_fp16,city,"Define the English word ""city"" in one concise sentence.","A city is a densely populated human settlement with a complex infrastructure, including buildings, roads, and services, often serving as a center for commerce, culture, and governance.",0.2393872737884521,0
LFM2-700M_fp16,road,"Define the English word ""road"" in one concise sentence.","A road is a path or route for travel or transportation, typically made of paved or unpaved surface.",0.1715846061706543,1
LFM2-700M_fp16,animal,"Define the English word ""animal"" in one concise sentence.","An animal is a multicellular, multicellular organism that is capable of movement, feeds on organic matter, and typically reproduces sexually.",0.1998693943023681,1
LFM2-700M_fp16,ocean,"Define the English word ""ocean"" in one concise sentence.","The ocean is a vast, deep, and often murky body of saltwater covering more than 70% of the Earth's surface.",0.2053704261779785,1
LFM2-700M_fp16,doctor,"Define the English word ""doctor"" in one concise sentence.",A doctor is a medical professional trained to diagnose and treat illnesses and injuries.,0.1304085254669189,1
LFM2-700M_fp16,law,"Define the English word ""law"" in one concise sentence.","The English word ""law"" refers to a set of rules or principles that govern behavior, society, or a particular field, typically established and enforced by a governing authority.",0.2393531799316406,1
LFM2-700M_fp16,game,"Define the English word ""game"" in one concise sentence.","A game is an activity, often played with rules, involving competition between players or teams to achieve a specific objective or win against the opposition.",0.2051460742950439,1
LFM2-700M_fp16,room,"Define the English word ""room"" in one concise sentence.","A room is a defined space within a building, typically furnished with walls, floor, and ceiling, used for various purposes such as living, sleeping, working, or studying.",0.2737452983856201,1
LFM2-700M_fp16,idea,"Define the English word ""idea"" in one concise sentence.","An idea is a thought, concept, or proposal that can be communicated, implemented, or acted upon.",0.1662995815277099,1
LFM2-700M_fp16,clothes,"Define the English word ""clothes"" in one concise sentence.","Clothes are garments worn on the body for protection, comfort, or style.",0.1371002197265625,1
LFM2-700M_fp16,food,"Define the English word ""food"" in one concise sentence.","Food refers to any substance consumed for nourishment, pleasure, or medicinal purposes, encompassing a wide range of items such as fruits, vegetables, meats, grains, and processed foods.",0.2574491500854492,1
LFM2-700M_fp16,gift,"Define the English word ""gift"" in one concise sentence.",A gift is a present given to someone with the intention of bringing them joy or appreciation.,0.1470959186553955,1
LFM2-700M_fp16,garbage,"Define the English word ""garbage"" in one concise sentence.","Garbage refers to unwanted or unsanitary materials, often discarded improperly, that can be removed from a place or object.",0.195328950881958,1
LFM2-700M_fp16,mistake,"Define the English word ""mistake"" in one concise sentence.",A mistake is an error or incorrect action or decision made by someone or something.,0.1544866561889648,1
LFM2-700M_fp16,picture,"Define the English word ""picture"" in one concise sentence.","A picture is a visual representation, typically created by an artist or captured by a camera, that conveys a specific image or idea.",0.1993937492370605,1
LFM2-700M_fp16,tool,"Define the English word ""tool"" in one concise sentence.",A tool is an object or device designed to perform a specific task or function.,0.136235237121582,1
LFM2-700M_fp16,building,"Define the English word ""building"" in one concise sentence.","A building is a structure constructed of materials such as wood, stone, or metal, designed for human habitation, use, or storage.",0.2037191390991211,1
LFM2-700M_fp16,river,"Define the English word ""river"" in one concise sentence.","A river is a long, winding body of flowing water that typically originates in higher elevations and empties into a larger body of water like a lake, ocean, or another river.",0.2501776218414306,1
LFM2-700M_fp16,mountain,"Define the English word ""mountain"" in one concise sentence.","A mountain is a large, elevated landform that rises sharply above the surrounding terrain, often characterized by steep slopes and a summit peak.",0.1996560096740722,1
LFM2-700M_fp16,forest,"Define the English word ""forest"" in one concise sentence.","A forest is a large area covered with trees, providing habitat for various plants and animals.",0.1540956497192382,1
LFM2-700M_fp16,computer,"Define the English word ""computer"" in one concise sentence.","A computer is a machine that processes and stores data using electronic components, capable of performing complex calculations and tasks beyond human capability.",0.1881637573242187,1
LFM2-700M_fp16,airport,"Define the English word ""airport"" in one concise sentence.",An airport is a facility where aircraft take off and land for transportation purposes.,0.131005048751831,1
LFM2-700M_fp16,hospital,"Define the English word ""hospital"" in one concise sentence.","A hospital is a medical facility that provides healthcare services, including treatment, surgery, and rehabilitation, to patients with various illnesses or injuries.",0.1996748447418213,1
LFM2-700M_q2,happy,"Define the English word ""happy"" in one concise sentence.","The English word ""happy"" can be defined as a state of being joyful, contented, or pleased, often accompanied by a sense of satisfaction or happiness.",0.1802361011505127,1
LFM2-700M_q2,sad,"Define the English word ""sad"" in one concise sentence.","The word ""sad"" can be defined as a feeling of deep sadness or a state of being unhappy or displeased.",0.1227190494537353,1
LFM2-700M_q2,big,"Define the English word ""big"" in one concise sentence.","The word ""big"" can be defined as a measure of extent or amount, often used to describe something that is large or extensive. For example, a large house or a big crowd.",0.1730678081512451,1
LFM2-700M_q2,small,"Define the English word ""small"" in one concise sentence.","The word ""small"" can be defined as a noun meaning either a quantity or a degree of something being insignificant or not very large. For example, a small number of apples or a small dog.",0.1667149066925048,0
LFM2-700M_q2,fast,"Define the English word ""fast"" in one concise sentence.","The word ""fast"" can be defined as a quality of being quick or efficient, often implying speed or efficiency in achieving a goal. For example, ""fast"" might mean ""quick"" or ""efficient"" in the context of time or performance.",0.1909027099609375,1
LFM2-700M_q2,slow,"Define the English word ""slow"" in one concise sentence.","The word ""slow"" means to move at a slower pace or to be less efficient or productive than usual.",0.1135125160217285,0
LFM2-700M_q2,hot,"Define the English word ""hot"" in one concise sentence.","The word ""hot"" can be defined as a state of being warm or excited, often used to describe temperatures above a normal warmth. For example, ""The room was very hot.""",0.1680002212524414,1
LFM2-700M_q2,cold,"Define the English word ""cold"" in one concise sentence.","The word ""cold"" can be defined as a state of being extremely cold or a temperature below normal cold, often used to describe a feeling of being chilly or a temperature that is below normal.",0.1647005081176757,1
LFM2-700M_q2,angry,"Define the English word ""angry"" in one concise sentence.","The word ""angry"" describes a state of intense anger or frustration. 

Here's a concise definition:

**Angry** is a feeling of intense anger or frustration, often triggered by a perceived injustice or insult. 

It's a social psychology term used to describe a state of intense anger or frustration.",0.240896463394165,0
LFM2-700M_q2,scared,"Define the English word ""scared"" in one concise sentence.","The word ""scared"" can be defined as a feeling of fear or worry, often used to describe a state of being afraid or worried. For example, ""She felt scared of the unknown.""",0.1616971492767334,1
LFM2-700M_q2,tired,"Define the English word ""tired"" in one concise sentence.","The word ""tired"" can be defined as a state of being worn out or exhausted due to prolonged use or exposure to sunlight.",0.1225769519805908,1
LFM2-700M_q2,rich,"Define the English word ""rich"" in one concise sentence.","The word ""rich"" means having a large amount of wealth or income, or being of a high degree of prosperity or success.",0.120849609375,1
LFM2-700M_q2,poor,"Define the English word ""poor"" in one concise sentence.","The word ""poor"" means lacking in quality or being insufficient, often used to describe something that is not adequate or insufficient. For example, a person might be considered ""poor"" in their income, meaning they earn less than average.",0.1842193603515625,0
LFM2-700M_q2,strong,"Define the English word ""strong"" in one concise sentence.","The word ""strong"" can be defined as a noun meaning to be of great intensity or force, often used to describe something that is powerful or intense. For example, a strong wind, a strong emotion, or a strong opinion.",0.1793920993804931,1
LFM2-700M_q2,weak,"Define the English word ""weak"" in one concise sentence.","The word ""weak"" means lacking the ability to produce a strong or forceful effect, often used to describe something that is not effective or not strong.",0.1341488361358642,1
LFM2-700M_q2,clean,"Define the English word ""clean"" in one concise sentence.","The word ""clean"" can be defined as a state of being free from dirt, grime, or other unwanted particles, often used in the context of hygiene or orderliness. For example, a clean kitchen is one that is free from food debris and clutter.",0.208514928817749,1
LFM2-700M_q2,dirty,"Define the English word ""dirty"" in one concise sentence.","The word ""dirty"" can be defined as dirty, dirtyy, or uncouth, often used to describe something or someone that is not clean or not well-maintained.",0.1600494384765625,0
LFM2-700M_q2,smart,"Define the English word ""smart"" in one concise sentence.","The word ""smart"" can be defined as a person or thing that is intelligent, capable of learning, or having the ability to adapt quickly to new situations. For example, a smart phone is one that can be easily reprogrammed to use new software.",0.2000007629394531,1
LFM2-700M_q2,quiet,"Define the English word ""quiet"" in one concise sentence.","The word ""quiet"" means to be calm, silent, or to be in a state of rest or solitude.",0.1150627136230468,1
LFM2-700M_q2,loud,"Define the English word ""loud"" in one concise sentence.","The word ""loud"" describes a sound that is very loud or booming.",0.0930914878845214,1
LFM2-700M_q2,beautiful,"Define the English word ""beautiful"" in one concise sentence.","The word ""beautiful"" describes something that is of noble or attractive quality, often used to characterize physical appearance, but can also apply to qualities like intelligence, wisdom, or emotional depth. For example, a person might be described as beautiful in their eyes or a place as beautiful for its architecture.",0.2197835445404052,1
LFM2-700M_q2,ugly,"Define the English word ""ugly"" in one concise sentence.","The word ""ugly"" describes something that is not aesthetically pleasing or not well-designed, often due to being unremarkable, dirty, or lacking in visual appeal.",0.1578729152679443,0
LFM2-700M_q2,cheap,"Define the English word ""cheap"" in one concise sentence.","The word ""cheap"" means of low quality or low value, often used to describe something that is inexpensive or not worth the price.",0.1250317096710205,1
LFM2-700M_q2,expensive,"Define the English word ""expensive"" in one concise sentence.","The word ""expensive"" means costly or very much so, often implying a high price or value. For example, a bottle of expensive wine is more valuable than a cheap bottle.",0.1524984836578369,1
LFM2-700M_q2,thick,"Define the English word ""thick"" in one concise sentence.","The word ""thick"" can be defined as a measure of density or abundance, often implying a substantial or dense quality, but it can also be used to describe something that is not easily removed or absorbed, like a thick paste or a thick layer. For example, ""The cake was thick and heavy"" means it was dense and hard, while ""The soup was thick and heavy"" means it was rich and full of flavor.",0.2913625240325928,1
LFM2-700M_q2,thin,"Define the English word ""thin"" in one concise sentence.","The word ""thin"" can be defined as small or small in size, quality, or amount, often implying a lack of substance or detail. For example, a thin layer of paint may not provide adequate protection.",0.1716310977935791,0
LFM2-700M_q2,heavy,"Define the English word ""heavy"" in one concise sentence.","The word ""heavy"" can be defined as a noun meaning either having a large or substantial weight, or being of a heavy nature or quality. For example, a heavy book is one that weighs a lot or has a large page.",0.1838657855987548,1
LFM2-700M_q2,rough,"Define the English word ""rough"" in one concise sentence.","The word ""rough"" can be defined as a state of being rough or uneven, often used to describe something that is not smooth or polished. For example, a rough surface or a rough-hearted person might be said to be.",0.1956467628479004,1
LFM2-700M_q2,smooth,"Define the English word ""smooth"" in one concise sentence.","The word ""smooth"" describes something that is gentle, soft, or not rough, often used to describe surfaces or processes that are not rough or have been polished to a smooth finish. For example, a smooth cloth is easy to handle, while a smooth surface prevents scratches.",0.2089908123016357,1
LFM2-700M_q2,safe,"Define the English word ""safe"" in one concise sentence.","The word ""safe"" can be defined as a state of being secure or protected from danger, risk, or harm, often implying a sense of security or absence of danger. For example, a safe vehicle is one that is protected from accidents or damage.",0.1962473392486572,1
LFM2-700M_q2,dangerous,"Define the English word ""dangerous"" in one concise sentence.","The word ""dangerous"" can be defined as a state of being in which there is a significant risk of harm or danger, often implying a sense of peril or perilous nature. For example, a dangerous situation could be described as a perilous or perilous environment.",0.2188272476196289,1
LFM2-700M_q2,funny,"Define the English word ""funny"" in one concise sentence.","The word ""funny"" describes something that is humorous, silly, or absurd in an amusing way.",0.1118130683898925,1
LFM2-700M_q2,weird,"Define the English word ""weird"" in one concise sentence.","The word ""weird"" can be defined as something that is unusual, strange, or not fitting for the common sense understanding of a person or thing.",0.1341757774353027,1
LFM2-700M_q2,dry,"Define the English word ""dry"" in one concise sentence.","The word ""dry"" can be defined as a state of being devoid of moisture or water, or a quality of being dry. For example, a dry season can be described as a time of low rainfall or precipitation.",0.1804821491241455,0
LFM2-700M_q2,wet,"Define the English word ""wet"" in one concise sentence.","The word ""wet"" can be defined as a verb meaning to wet or to be in a state of moisture or to be in a liquid. For example, ""She wet the dog"" or ""The room is wet.""",0.1781024932861328,0
LFM2-700M_q2,run,"Define the English word ""run"" in one concise sentence.","The English word ""run"" can be defined as a verb meaning to move quickly and swiftly, often in a rhythmic or repetitive manner, such as in the phrase ""run a race"" or ""run a marathon.""",0.1731886863708496,1
LFM2-700M_q2,walk,"Define the English word ""walk"" in one concise sentence.","The word ""walk"" can be defined as a habitual manner of moving one's body forward at a regular pace, typically on foot.",0.1238834857940673,0
LFM2-700M_q2,jump,"Define the English word ""jump"" in one concise sentence.","The word ""jump"" can be defined as a sudden movement upwards, typically in a leaping or bouncing motion, often used to describe a physical action or a verb indicating a state of being in a suspended position. For example, ""She jumped up her feet in the air"" describes a jumping action.",0.2526619434356689,1
LFM2-700M_q2,sleep,"Define the English word ""sleep"" in one concise sentence.","Sleep is a natural physiological process that occurs when an individual's body enters a state of rest characterized by reduced consciousness and periodic movements and contractions of the muscles of the body, and during this state, the heart rate and breathing rate slow down.",0.1871953010559082,1
LFM2-700M_q2,eat,"Define the English word ""eat"" in one concise sentence.","The word ""eat"" means to consume food or drink, often in a habitual manner. For example, ""he eats breakfast every morning"" or ""she eats dinner at work.""",0.1536033153533935,1
LFM2-700M_q2,buy,"Define the English word ""buy"" in one concise sentence.","The word ""buy"" can be defined as a verb meaning to sell or exchange goods for money, typically in the context of purchasing items from a seller. For example, ""The company buys goods from a supplier at a lower price.""",0.1908714771270752,1
LFM2-700M_q2,sell,"Define the English word ""sell"" in one concise sentence.","To sell means to offer for sale, typically through a business or marketing strategy, often involving the production, distribution, or exchange of goods for profit.",0.1300010681152343,1
LFM2-700M_q2,build,"Define the English word ""build"" in one concise sentence.","The word ""build"" can be defined as to create or construct, often involving the use of materials or resources to form a structure or object. For example, ""build a house"" means to construct a house.",0.1692407131195068,1
LFM2-700M_q2,destroy,"Define the English word ""destroy"" in one concise sentence.","The word ""destroy"" means to cause the destruction of something or to cause the complete destruction of something.",0.1093873977661132,0
LFM2-700M_q2,start,"Define the English word ""start"" in one concise sentence.","The word ""start"" can be defined as an action or event that initiates or marks the beginning of something, such as a process, a sequence of events, or a change in state. For example, a fire might be considered a start of a fire, a sentence might be a start of a story, and a new employee might be considered a start of a team.",0.2664804458618164,1
LFM2-700M_q2,stop,"Define the English word ""stop"" in one concise sentence.","The word ""stop"" means to cease or bring to an end an action, event, or process.",0.1046667098999023,1
LFM2-700M_q2,help,"Define the English word ""help"" in one concise sentence.","The word ""help"" can be defined as a verb meaning to assist or provide assistance to someone or something.",0.1074321269989013,1
LFM2-700M_q2,push,"Define the English word ""push"" in one concise sentence.","The word ""push"" means to force or drive something or someone towards a specific destination or location, often accompanied by a sense of urgency or movement.",0.1327645778656005,1
LFM2-700M_q2,pull,"Define the English word ""pull"" in one concise sentence.","The word ""pull"" can be used to describe the action of drawing or lifting something towards a point, often accompanied by a sense of force or movement, as in ""pull a rope to the shore"" or ""pull a ball to the ground.""",0.2041120529174804,1
LFM2-700M_q2,win,"Define the English word ""win"" in one concise sentence.","The English word ""win"" means to achieve a favorable outcome or to succeed in a contest or competition.",0.1057751178741455,1
LFM2-700M_q2,lose,"Define the English word ""lose"" in one concise sentence.","The word ""lose"" can mean to not receive something or to receive something without intended, often expressed as ""not to receive"" or ""not to receive.""",0.1358907222747802,0
LFM2-700M_q2,teach,"Define the English word ""teach"" in one concise sentence.",To instruct or educate someone.,0.0629100799560546,1
LFM2-700M_q2,learn,"Define the English word ""learn"" in one concise sentence.","The word ""learn"" means to acquire knowledge or skills by experience, often through study or practice.",0.1040821075439453,1
LFM2-700M_q2,hide,"Define the English word ""hide"" in one concise sentence.","The word ""hide"" can be defined as a verb meaning to conceal or to keep out of sight, often used to describe the act of covering or hiding something. For example, ""The police hide suspects in the crime scene"" or ""I hid the evidence from the witnesses.""",0.2059230804443359,1
LFM2-700M_q2,find,"Define the English word ""find"" in one concise sentence.","The word ""find"" means to locate or discover something that was previously unknown or hidden.",0.098771333694458,1
LFM2-700M_q2,give,"Define the English word ""give"" in one concise sentence.","The word ""give"" means to transfer or distribute something, usually a valuable item, to someone or an object, often in a voluntary manner.",0.1311454772949218,1
LFM2-700M_q2,take,"Define the English word ""take"" in one concise sentence.","The word ""take"" can mean to move or to use, often in a physical sense, but can also refer to the action of gaining something or of being in a specific context, such as gaining power or authority. For example, ""take"" can mean to move quickly or to use quickly, but in the context of gaining something, it often implies gaining power or authority.",0.266411542892456,0
LFM2-700M_q2,throw,"Define the English word ""throw"" in one concise sentence.","The word ""throw"" can be defined as to move or release something in an uncontrolled manner, often with a sense of surprise or excitement. For example, ""throw a ball"" means to release it in an uncontrolled way, but ""throw a ball"" could also mean to throw it in a way that causes it to fly or bounce.",0.2463912963867187,0
LFM2-700M_q2,catch,"Define the English word ""catch"" in one concise sentence.","The word ""catch"" can be defined as a verb meaning to bring something down from a higher position to a lower position, often used in the context of sports or everyday activities where a ball is caught by a player or an object from a higher elevation to a lower one. For example, ""The catch in the game was a good one, the ball was caught by the defender.""",0.2646913528442383,0
LFM2-700M_q2,fix,"Define the English word ""fix"" in one concise sentence.","The word ""fix"" can be defined as to adjust or correct something that is causing a problem or to make something happen again after it has stopped or been done before. For example, ""fix a leak"" means to adjust a plumbing system to stop a problem, while ""fix it"" means to make something happen again after it has stopped.",0.2466263771057129,1
LFM2-700M_q2,break,"Define the English word ""break"" in one concise sentence.","The word ""break"" can be defined as a verb meaning to physically disjoint or separate something or a group of things from a previous position or state, often used to describe the act of splitting or splitting something apart. For example, ""The glass broke"" means that the glass was shattered or splintered.",0.2437109947204589,1
LFM2-700M_q2,cry,"Define the English word ""cry"" in one concise sentence.","The word ""cry"" can be shortened to cry, which is a slang term meaning to give someone, especially a child, a hard time or to make them cry.",0.1504759788513183,0
LFM2-700M_q2,laugh,"Define the English word ""laugh"" in one concise sentence.","The English word ""laugh"" means to produce a loud, high-pitched sound that is often accompanied by a wide-eyed expression and can be used to indicate surprise, amusement, or ridicule.",0.1637227535247802,1
LFM2-700M_q2,ask,"Define the English word ""ask"" in one concise sentence.","The English word ""ask"" means to request, demand, or to ask for something or to inquire about something.",0.1135938167572021,1
LFM2-700M_q2,answer,"Define the English word ""answer"" in one concise sentence.","The English word ""answer"" can be defined as a response or an answer to a question or a statement, often used to indicate agreement or confirmation.",0.1348438262939453,1
LFM2-700M_q2,choose,"Define the English word ""choose"" in one concise sentence.","The word ""choose"" means to select or pick out from a group of options or possibilities, often involving a preference or desire.",0.123100996017456,1
LFM2-700M_q2,shout,"Define the English word ""shout"" in one concise sentence.","The word ""shout"" can be defined as a loud or loudly exhaled exhalation of air, often used to describe a shouting or yelping sound.",0.16581392288208,0
LFM2-700M_q2,whisper,"Define the English word ""whisper"" in one concise sentence.","The word ""whisper"" means to speak in very low tones so that the sound is barely audible to one another, often at a distance where the listener can only hear it through a partial understanding.",0.1646857261657714,0
LFM2-700M_q2,car,"Define the English word ""car"" in one concise sentence.","The English word ""car"" means a vehicle designed for transportation, typically a vehicle that is small and used for personal or commercial purposes, often with wheels and a front or rear-wheel configuration.",0.1568348407745361,1
LFM2-700M_q2,house,"Define the English word ""house"" in one concise sentence.","The English word ""house"" can be defined as a dwelling that serves as a shelter for human habitation or a place where goods and services are stored, repaired, or manufactured.",0.1480686664581298,1
LFM2-700M_q2,job,"Define the English word ""job"" in one concise sentence.","The English word ""job"" can be defined as a position or a task assigned to someone for a period of time, often involving specific duties or responsibilities.",0.1352362632751464,1
LFM2-700M_q2,money,"Define the English word ""money"" in one concise sentence.","The English word ""money"" means a medium of exchange used to describe a large number of currencies, including coins and banknotes, as well as the value of money itself.",0.1497449874877929,1
LFM2-700M_q2,child,"Define the English word ""child"" in one concise sentence.","A child is a young person, typically under the age of 10 or 11, who is being raised by their parents or guardians.",0.1415247917175293,1
LFM2-700M_q2,friend,"Define the English word ""friend"" in one concise sentence.","A friend is a person or animal with whom one has a close and affectionate relationship, often characterized by trust, loyalty, and mutual understanding.",0.1288638114929199,0
LFM2-700M_q2,enemy,"Define the English word ""enemy"" in one concise sentence.","The English word ""enemy"" can be defined as a person or group of individuals who are considered hostile or adversarial towards another, often in political, military, or social contexts.",0.1512389183044433,1
LFM2-700M_q2,teacher,"Define the English word ""teacher"" in one concise sentence.",A teacher is a person who teaches or instructs someone in a course of study or training.,0.0998492240905761,1
LFM2-700M_q2,student,"Define the English word ""student"" in one concise sentence.","A student is a person who studies or is enrolled in an educational program, typically a school or university, and is often required to take exams or assignments.",0.1352338790893554,1
LFM2-700M_q2,city,"Define the English word ""city"" in one concise sentence.","A city is a large human settlement or community, typically located within a state or region, characterized by its own distinct governance and infrastructure, where residents live, work, and interact in a structured environment.",0.1595804691314697,0
LFM2-700M_q2,road,"Define the English word ""road"" in one concise sentence.","The English word ""road"" can be defined as a long stretch of land or a designated path or route for travel, often used for pedestrians, vehicles, or animals.",0.1697888374328613,1
LFM2-700M_q2,animal,"Define the English word ""animal"" in one concise sentence.","An animal is a living creature that is either a mammal, a reptilian or a bird, or a fish, or a plant, or an insect, or an animal with a backbone, or a plant with a hard or soft body, or a bird with a hard or soft body, or a fish with a hard or soft body, or a spider with a hard or soft body, or a worm with a hard or soft body, or a bird with a hard body, or a worm with a hard body, or a worm with a hard body, or a worm with a hard body,",0.3908963203430176,1
LFM2-700M_q2,ocean,"Define the English word ""ocean"" in one concise sentence.","The English word ""ocean"" describes a large body of saltwater, such as sea or lake, that extends on all sides.",0.1247775554656982,1
LFM2-700M_q2,doctor,"Define the English word ""doctor"" in one concise sentence.",A doctor is a medical professional trained to diagnose and treat illnesses or injuries.,0.0857241153717041,1
LFM2-700M_q2,law,"Define the English word ""law"" in one concise sentence.","The English word ""law"" can be defined as a set of rules or principles that govern behavior, behavior in society, or a system that establishes and maintains order.",0.1384692192077636,1
LFM2-700M_q2,game,"Define the English word ""game"" in one concise sentence.","A game is a structured activity or a set of rules and activities designed to be played, often involving rules, objectives, and rules for determining the outcome of the activity.",0.1466786861419677,1
LFM2-700M_q2,room,"Define the English word ""room"" in one concise sentence.","A room is a defined area within a larger space, typically characterized by its own walls and floor, and may include furniture, lighting, and other features that define its boundaries and purpose.",0.1507556438446045,1
LFM2-700M_q2,idea,"Define the English word ""idea"" in one concise sentence.","The English word ""idea"" can be defined as a concept, object, or plan for further development, often without a clear purpose or form, but capable of being acted upon and realized.",0.1563446521759033,1
LFM2-700M_q2,clothes,"Define the English word ""clothes"" in one concise sentence.","Clothes is a type of clothing or garment worn for protection, comfort, or to change the appearance of the body.",0.1164259910583496,1
LFM2-700M_q2,food,"Define the English word ""food"" in one concise sentence.","Food is food that humans consume, typically in the form of a nutrient or meal, to provide sustenance for energy and growth.",0.130098819732666,1
LFM2-700M_q2,gift,"Define the English word ""gift"" in one concise sentence.","A gift is a present or offering given as a gift, typically with the intention of benefiting the recipient.",0.1075382232666015,1
LFM2-700M_q2,garbage,"Define the English word ""garbage"" in one concise sentence.","The word ""garbage"" refers to refuse, waste, or refuse, often in large quantities, typically not being useful or desired.",0.153322696685791,1
LFM2-700M_q2,mistake,"Define the English word ""mistake"" in one concise sentence.","A mistake is an error or a lapse in judgment or skill, often resulting in a loss or a deviation from the intended course or action.",0.1266443729400634,1
LFM2-700M_q2,picture,"Define the English word ""picture"" in one concise sentence.","A picture is a visual representation or depiction that captures the essence or subject of a scene, object, or idea, often used in art, photography, or everyday life to convey information or emotions.",0.1584794521331787,1
LFM2-700M_q2,tool,"Define the English word ""tool"" in one concise sentence.","A tool is an object or device used for performing a specific task or function, often with the intention of making work easier or more efficient.",0.1252501010894775,1
LFM2-700M_q2,building,"Define the English word ""building"" in one concise sentence.","Building refers to the construction of structures or the act of constructing something, often involving the use of materials like bricks, wood, or other materials to create a solid structure.",0.141542911529541,1
LFM2-700M_q2,river,"Define the English word ""river"" in one concise sentence.","The English word ""river"" can be defined as a large body of flowing water, typically a stream or a river that is not navigable, and often used to describe a long, narrow body of water that flows from a larger river or lake.",0.1895747184753418,1
LFM2-700M_q2,mountain,"Define the English word ""mountain"" in one concise sentence.","The English word ""mountain"" describes a large rocky hill or peak that rises steeply from flat or level ground, often reaching a significant height and being prominent in the landscape.",0.1534812450408935,1
LFM2-700M_q2,forest,"Define the English word ""forest"" in one concise sentence.","The English word ""forest"" can be defined as a large area of dense woodland or a dense thicket, typically characterized by towering trees and providing a habitat for wildlife.",0.1499776840209961,1
LFM2-700M_q2,computer,"Define the English word ""computer"" in one concise sentence.","A computer is a programmable electronic device that processes inputs according to instructions stored in software to perform calculations, store data, and execute tasks.",0.1250874996185302,1
LFM2-700M_q2,airport,"Define the English word ""airport"" in one concise sentence.","An airport is a facility that provides services for passengers to board and disembark at aircraft that are en route, typically at a terminal that connects to other transportation hubs.",0.1452126502990722,1
LFM2-700M_q2,hospital,"Define the English word ""hospital"" in one concise sentence.","A hospital is a medical facility that provides healthcare services to patients, including diagnosis, treatment, and care for individuals with medical conditions, injuries, or surgeries.",0.1322088241577148,1
