family,artifact,params_B,config,level,dB_pct_worst,dB_pct_KM,dB_pct_mean,n_files,significant_raw,significant_bh
Granite-4.0-H,350M,0.35,33,q3,-60.23,-47.35,-53.79,2,True,True
Granite-4.0-H,350M,0.35,33,q4,-18.94,-12.5,-15.72,2,True,True
Granite-4.0-H,350M,0.35,33,q5,-3.79,-3.41,-3.6,2,False,False
Granite-4.0-H,350M,0.35,33,q6,-7.2,-7.2,-7.2,1,True,False
Granite-4.0-H,350M,0.35,33,q8,-1.89,-1.89,-1.89,1,False,False
Granite-4.0-H,1B,1.0,34,q2,-44.75,-43.65,-44.2,2,True,True
Granite-4.0-H,1B,1.0,34,q3,-4.97,-3.59,-4.279999999999999,2,False,False
Granite-4.0-H,1B,1.0,34,q4,-3.04,-3.04,-1.935,2,False,False
Granite-4.0-H,1B,1.0,34,q5,0.55,1.66,1.105,2,False,False
Granite-4.0-H,1B,1.0,34,q6,-1.1,-1.1,-1.1,1,False,False
Granite-4.0-H,1B,1.0,34,q8,-0.28,-0.28,-0.28,1,False,False
Granite-4.0-H,3B,3.0,35,q2,-8.07,-8.07,-7.68,2,True,True
Granite-4.0-H,3B,3.0,35,q3,-5.21,-4.69,-4.95,2,True,True
Granite-4.0-H,3B,3.0,35,q4,0.78,1.82,1.3,2,False,False
Granite-4.0-H,3B,3.0,35,q5,-1.82,0.78,-0.52,2,False,False
Granite-4.0-H,3B,3.0,35,q6,-0.52,-0.52,-0.52,1,False,False
Granite-4.0-H,3B,3.0,35,q8,-0.26,-0.26,-0.26,1,False,False
Granite-4.0-H,7B,7.0,40,q2,-2.34,1.3,-0.5199999999999999,2,False,False
Granite-4.0-H,7B,7.0,40,q3,-1.04,-1.04,-0.52,2,False,False
Granite-4.0-H,7B,7.0,40,q4,-1.3,0.26,-0.52,2,False,False
Granite-4.0-H,7B,7.0,40,q5,-1.56,-1.56,-0.91,2,False,False
Granite-4.0-H,7B,7.0,40,q6,-1.82,-1.82,-1.82,1,False,False
Qwen2.5,0.5B,0.5,27,q2,-20.27,-20.27,-20.27,1,True,True
Qwen2.5,0.5B,0.5,27,q3,-20.62,-2.41,-9.966666666666667,3,True,True
Qwen2.5,0.5B,0.5,27,q4,-9.97,-7.56,-8.765,2,True,True
Qwen2.5,0.5B,0.5,27,q8,-3.78,-3.78,-3.78,1,False,False
Qwen2.5,1.5B,1.5,26,q2,-66.58,-66.58,-66.58,1,True,True
Qwen2.5,1.5B,1.5,26,q3,-18.18,-6.95,-10.16,3,True,True
Qwen2.5,1.5B,1.5,26,q4,-5.35,-2.41,-3.88,2,True,False
Qwen2.5,1.5B,1.5,26,q8,-0.27,-0.27,-0.27,1,False,False
Qwen2.5,3B,3.1,20,q2,-100.0,-100.0,-100.0,1,True,True
Qwen2.5,3B,3.1,20,q3,-57.33,-47.12,-49.303333333333335,3,True,True
Qwen2.5,3B,3.1,20,q4,-1.83,-1.83,-1.83,1,False,False
Qwen2.5,3B,3.1,20,q6,-1.05,-1.05,-1.05,1,False,False
Qwen2.5,3B,3.1,20,q8,-0.26,-0.26,-0.26,1,False,False
Qwen2.5,7B,7.6,18,q2,-3.64,-3.64,-3.64,1,False,False
Qwen2.5,7B,7.6,18,q3,-5.71,-1.56,-2.25,3,True,True
Qwen2.5,7B,7.6,18,q4,0.78,0.78,0.78,1,False,False
Qwen2.5,7B,7.6,18,q8,0.52,0.52,0.52,1,False,False
LFM2,700M,0.7,37,q2,-41.75,-41.75,-41.75,2,True,True
LFM2,700M,0.7,37,q3,-7.74,-7.74,-7.235,2,True,False
LFM2,700M,0.7,37,q4,-3.7,-3.37,-3.535,2,False,False
LFM2,700M,0.7,37,q5,-0.67,1.35,0.34,2,False,False
LFM2,700M,0.7,37,q6,0.34,0.34,0.34,1,False,False
LFM2,700M,0.7,37,q8,-1.68,-1.68,-1.68,1,False,False
LFM2,1.2B,1.2,38,q2,-29.77,-29.77,-29.77,2,True,True
LFM2,1.2B,1.2,38,q3,-4.21,-0.32,-2.265,2,False,False
LFM2,1.2B,1.2,38,q4,0.97,2.27,1.62,2,False,False
LFM2,1.2B,1.2,38,q5,0.65,0.65,1.135,2,False,False
LFM2,1.2B,1.2,38,q6,0.32,0.32,0.32,1,False,False
LFM2,1.2B,1.2,38,q8,0.97,0.97,0.97,1,False,False
LFM2,8B,8.3,41,q2,-8.97,-8.97,-8.97,2,True,True
LFM2,8B,8.3,41,q3,-5.54,-2.11,-3.825,2,True,True
LFM2,8B,8.3,41,q4,-2.11,-1.32,-1.7149999999999999,2,False,False
LFM2,8B,8.3,41,q5,-1.32,-1.32,0.0,2,False,False
Ministral-3,3B,3.0,36,q2,-2.28,-2.28,-2.28,2,False,False
Ministral-3,3B,3.0,36,q3,-3.29,-0.25,-1.77,2,False,False
Ministral-3,3B,3.0,36,q4,-1.27,-1.27,-0.89,2,False,False
Ministral-3,3B,3.0,36,q5,-0.51,0.76,0.125,2,False,False
Ministral-3,3B,3.0,36,q6,-0.25,-0.25,-0.25,1,False,False
Ministral-3,3B,3.0,36,q8,0.0,0.0,0.0,1,False,False
Ministral-3,8B,8.0,42,q2,0.76,1.52,1.1400000000000001,2,False,False
Ministral-3,8B,8.0,42,q3,-0.76,0.0,-0.38,2,False,False
Ministral-3,8B,8.0,42,q4,-0.25,-0.25,-0.25,2,False,False
Ministral-3,8B,8.0,42,q6,0.0,0.0,0.0,1,False,False
Ministral-3,14B,14.0,32,q2,-2.67,-2.43,-2.55,2,True,False
Ministral-3,14B,14.0,32,q3,-1.94,-1.94,-1.7,2,False,False
Llama-3.2,1B,1.2,16,q2,-61.08,-61.08,-61.08,1,True,True
Llama-3.2,1B,1.2,16,q3,-4.26,-4.26,-4.26,1,False,False
Llama-3.2,1B,1.2,16,q4,1.7,1.7,1.7,1,False,False
Llama-3.2,1B,1.2,16,q8,-0.28,-0.28,-0.28,1,False,False
Llama-3.2,3B,3.2,13,q2,-14.1,-14.1,-14.1,1,True,True
Llama-3.2,3B,3.2,13,q4,0.26,0.26,0.26,1,False,False
Llama-3.2,3B,3.2,13,q6,0.78,0.78,0.78,1,False,False
Llama-3.2,3B,3.2,13,q8,1.04,1.04,1.04,1,False,False
Gemma-2,2B,2.6,12,q2,-9.4,-9.4,-9.4,1,True,True
Gemma-2,2B,2.6,12,q4,-2.35,-2.35,-2.35,1,False,False
Gemma-2,2B,2.6,12,q6,-0.26,-0.26,-0.26,1,False,False
Gemma-2,2B,2.6,12,q8,0.0,0.0,0.0,1,False,False
Gemma-2,9B,9.2,17,q2,-1.83,-1.83,-1.83,1,False,False
Gemma-2,9B,9.2,17,q3,-0.52,-0.52,-0.52,1,False,False
Gemma-2,9B,9.2,17,q4,2.36,2.36,2.36,1,False,False
Gemma-2,9B,9.2,17,q8,0.26,0.26,0.26,1,False,False
