config,int_coef,int_p
12-gemma2_2b-instruct-429-wo,-0.41,0.050
13-llama3.2_3b-instruct-429-,-0.13,0.587
14-mistral_7b-instruct-429-w,-0.16,0.332
15-mistral-nemo-12b-instruct,-0.05,0.826
16-llama3.2_1b-instruct-429-,-0.55,0.004
17-gemma2_9b-instruct-429-wo,0.35,0.236
18-qwen2.5_7b-instruct-429-w,0.29,0.229
19-phi3_3.8b-429-words,floor,floor
20-qwen2.5_3b-instruct-429-w,floor,floor
21-phi3.5_3.8b-429-words,floor,floor
22-GLM4_9b-429-words,-0.24,0.355
26-qwen2.5_1.5b-instruct-429,-1.64,5e-15
27-qwen2.5_0.5b-instruct-429,-1.04,3e-13
29-qwen3_2507_4b-instruct-42,-1.05,0.007
30-phi4-mini-instruct-3.8b-G,0.1,0.679
31-gemma3n_e4b-429-words,17.24,1e-08
32-ministral3-14b-instruct25,-0.27,0.398
33-granite4-h_350m-GGUF-429-,-1.24,8e-16
34-granite4-h_1b-GGUF-429-wo,-1.57,6e-15
35-granite4-h_3b-GGUF-429-wo,-0.85,8e-04
36-ministral3_3b-instruct251,0.31,0.255
37-LFM2_700m--GGUF-429-words,-0.34,0.084
38-LFM2_1.2b--GGUF-429-words,-0.55,0.005
39-LFM2.5-instruct_1.2b--GGU,-0.65,0.013
40-granite4-h_7b-GGUF-429-wo,0.73,0.006
41-LFM2_8b--GGUF-429-words,0.19,0.461
42-ministral3-8b-instruct251,0.96,0.003
