experiment,word_type,model,quant,baseline,probeA,nA,pA,probeB_t0,probeB_t2,nB
Experiment-12-gemma2_2b-instruct-429-words,rare,gemma_fp16,fp16,gemma_fp16,0.9222999222999224,1287,,0.3706293706293706,0.8927738927738927,429.0
Experiment-12-gemma2_2b-instruct-429-words,rare,gemma_q2,q2,gemma_fp16,0.9013209013209014,1287,0.057036388142675,0.3892773892773892,0.8088578088578089,429.0
Experiment-12-gemma2_2b-instruct-429-words,rare,gemma_q4,q4,gemma_fp16,0.8951048951048951,1287,0.0054390585477725,0.3892773892773892,0.8717948717948718,429.0
Experiment-12-gemma2_2b-instruct-429-words,rare,gemma_q6,q6,gemma_fp16,0.912975912975913,1287,0.2389529350507877,0.3869463869463869,0.8904428904428905,429.0
Experiment-12-gemma2_2b-instruct-429-words,rare,gemma_q8,q8,gemma_fp16,0.9083139083139083,1287,0.0419964728704262,0.3869463869463869,0.8927738927738927,429.0
Experiment-13-llama3.2_3b-instruct-429-words,rare,llama_fp16,fp16,llama_fp16,0.9611499611499612,1287,,0.4265734265734265,0.8927738927738927,429.0
Experiment-13-llama3.2_3b-instruct-429-words,rare,llama_q2,q2,llama_fp16,0.9176379176379176,1287,7.1196025459374256e-06,0.317016317016317,0.7668997668997669,429.0
Experiment-13-llama3.2_3b-instruct-429-words,rare,llama_q4,q4,llama_fp16,0.972027972027972,1287,0.1024455359608152,0.4079254079254079,0.8951048951048951,429.0
Experiment-13-llama3.2_3b-instruct-429-words,rare,llama_q6,q6,llama_fp16,0.9611499611499612,1287,0.6501069245653487,0.4265734265734265,0.8997668997668997,429.0
Experiment-13-llama3.2_3b-instruct-429-words,rare,llama_q8,q8,llama_fp16,0.961926961926962,1287,0.7881722399175722,0.4382284382284382,0.902097902097902,429.0
Experiment-14-mistral_7b-instruct-429-words,rare,mistral_fp16,fp16,mistral_fp16,0.9114219114219114,1287,,0.3752913752913753,0.8228438228438228,429.0
Experiment-14-mistral_7b-instruct-429-words,rare,mistral_q2,q2,mistral_fp16,0.9005439005439005,1287,0.0901764647228348,0.317016317016317,0.7762237762237763,429.0
Experiment-14-mistral_7b-instruct-429-words,rare,mistral_q4,q4,mistral_fp16,0.8997668997668997,1287,0.238403342039485,0.351981351981352,0.8275058275058275,429.0
Experiment-14-mistral_7b-instruct-429-words,rare,mistral_q6,q6,mistral_fp16,0.9106449106449106,1287,0.8410309070531328,0.3706293706293706,0.8391608391608392,429.0
Experiment-14-mistral_7b-instruct-429-words,rare,mistral_q8,q8,mistral_fp16,0.9083139083139083,1287,0.616784293659298,0.3706293706293706,0.8251748251748252,429.0
Experiment-15-mistral-nemo-12b-instruct-429-words,rare,nemo_q2,q2,nemo_q8,0.916083916083916,1287,0.0037267939662594,0.3263403263403263,0.7878787878787878,429.0
Experiment-15-mistral-nemo-12b-instruct-429-words,rare,nemo_q3_m,q3,nemo_q8,0.9355089355089355,1287,0.3520101996122196,0.3659673659673659,0.8298368298368298,429.0
Experiment-15-mistral-nemo-12b-instruct-429-words,rare,nemo_q4,q4,nemo_q8,0.947940947940948,1287,0.4431618446314899,0.3799533799533799,0.8624708624708625,429.0
Experiment-15-mistral-nemo-12b-instruct-429-words,rare,nemo_q6,q6,nemo_q8,0.9456099456099456,1287,0.6859946890035219,0.3822843822843823,0.8578088578088578,429.0
Experiment-15-mistral-nemo-12b-instruct-429-words,rare,nemo_q8,q8,nemo_q8,0.944055944055944,1287,,0.3846153846153846,0.8578088578088578,429.0
Experiment-16-llama3.2_1b-instruct-429-words,rare,llama3.2_1b_fp16,fp16,llama3.2_1b_fp16,0.8873348873348873,1287,,0.3613053613053613,0.8205128205128205,429.0
Experiment-16-llama3.2_1b-instruct-429-words,rare,llama3.2_1b_q2,q2,llama3.2_1b_fp16,0.5827505827505828,1287,6.493613366842863e-37,0.1048951048951049,0.3193473193473193,429.0
Experiment-16-llama3.2_1b-instruct-429-words,rare,llama3.2_1b_q3,q3,llama3.2_1b_fp16,0.91996891996892,1287,0.0120104447394515,0.324009324009324,0.7855477855477856,429.0
Experiment-16-llama3.2_1b-instruct-429-words,rare,llama3.2_1b_q4,q4,llama3.2_1b_fp16,0.8818958818958819,1287,0.6071378677660091,0.358974358974359,0.8344988344988346,429.0
Experiment-16-llama3.2_1b-instruct-429-words,rare,llama3.2_1b_q8,q8,llama3.2_1b_fp16,0.8958818958818959,1287,0.3271144714722163,0.3613053613053613,0.8181818181818182,429.0
Experiment-17-gemma2_9b-instruct-429-words,rare,gemma2_9b_fp16,fp16,gemma2_9b_fp16,0.9867909867909868,1287,,0.3799533799533799,0.8904428904428905,429.0
Experiment-17-gemma2_9b-instruct-429-words,rare,gemma2_9b_q2,q2,gemma2_9b_fp16,0.9782439782439782,1287,0.0209683134641235,0.372960372960373,0.8741258741258742,429.0
Experiment-17-gemma2_9b-instruct-429-words,rare,gemma2_9b_q3,q3,gemma2_9b_fp16,0.9829059829059827,1287,0.5421553595195281,0.3613053613053613,0.8857808857808858,429.0
Experiment-17-gemma2_9b-instruct-429-words,rare,gemma2_9b_q4,q4,gemma2_9b_fp16,0.9805749805749806,1287,0.1813740643274431,0.3776223776223776,0.9114219114219114,429.0
Experiment-17-gemma2_9b-instruct-429-words,rare,gemma2_9b_q8,q8,gemma2_9b_fp16,0.9836829836829836,1287,0.2077120857275567,0.3822843822843823,0.8927738927738927,429.0
Experiment-18-qwen2.5_7b-instruct-429-words,rare,qwen_fp16,fp16,qwen_fp16,0.9487179487179488,1287,,0.4102564102564102,0.8974358974358975,429.0
Experiment-18-qwen2.5_7b-instruct-429-words,rare,qwen_q2,q2,qwen_fp16,0.90986790986791,1287,0.000245024525183,0.3822843822843823,0.8648018648018648,429.0
Experiment-18-qwen2.5_7b-instruct-429-words,rare,qwen_q3_L,q3,qwen_fp16,0.9502719502719502,1287,0.928795798423296,0.3916083916083916,0.902097902097902,429.0
Experiment-18-qwen2.5_7b-instruct-429-words,rare,qwen_q3_M,q3,qwen_fp16,0.9386169386169386,1287,0.1132560985535186,0.4032634032634032,0.8834498834498834,429.0
Experiment-18-qwen2.5_7b-instruct-429-words,rare,qwen_q3_S,q3,qwen_fp16,0.9230769230769232,1287,0.003265529137316,0.3799533799533799,0.8461538461538461,429.0
Experiment-18-qwen2.5_7b-instruct-429-words,rare,qwen_q4,q4,qwen_fp16,0.954156954156954,1287,0.5507709253904469,0.3822843822843823,0.9044289044289044,429.0
Experiment-18-qwen2.5_7b-instruct-429-words,rare,qwen_q8,q8,qwen_fp16,0.951825951825952,1287,0.5330984785590167,0.4009324009324009,0.902097902097902,429.0
Experiment-19-phi3_3.8b-429-words,rare,phi3-3.8B-fp16,fp16,phi3-3.8B-fp16,0.9634809634809636,1287,,0.3916083916083916,0.9207459207459208,429.0
Experiment-19-phi3_3.8b-429-words,rare,phi3-3.8B-q2,q2,phi3-3.8B-fp16,0.0163170163170163,1287,2.211250707323856e-86,0.0023310023310023,0.0256410256410256,429.0
Experiment-19-phi3_3.8b-429-words,rare,phi3-3.8B-q3-M,q3,phi3-3.8B-fp16,0.951048951048951,1287,0.0356545488898031,0.317016317016317,0.8997668997668997,429.0
Experiment-19-phi3_3.8b-429-words,rare,phi3-3.8B-q3-S,q3,phi3-3.8B-fp16,0.9005439005439005,1287,9.75655397157854e-10,0.317016317016317,0.8811188811188811,429.0
Experiment-19-phi3_3.8b-429-words,rare,phi3-3.8B-q4,q4,phi3-3.8B-fp16,0.9549339549339548,1287,0.2266175920986636,0.3846153846153846,0.9044289044289044,429.0
Experiment-19-phi3_3.8b-429-words,rare,phi3-3.8B-q6,q6,phi3-3.8B-fp16,0.9595959595959596,1287,0.7511225202022387,0.3939393939393939,0.9114219114219114,429.0
Experiment-19-phi3_3.8b-429-words,rare,phi3-3.8B-q8,q8,phi3-3.8B-fp16,0.9696969696969696,1287,0.2759738058898601,0.3892773892773892,0.9184149184149184,429.0
Experiment-20-qwen2.5_3b-instruct-429-words,rare,qwen_fp16,fp16,qwen_fp16,0.9215229215229216,1287,,0.3916083916083916,0.8904428904428905,429.0
Experiment-20-qwen2.5_3b-instruct-429-words,rare,qwen_q2,q2,qwen_fp16,0.0,1287,6.401769630787661e-84,0.0,0.0,429.0
Experiment-20-qwen2.5_3b-instruct-429-words,rare,qwen_q3_L,q3,qwen_fp16,0.7995337995337995,1287,8.515257957885141e-11,0.1771561771561771,0.5034965034965035,429.0
Experiment-20-qwen2.5_3b-instruct-429-words,rare,qwen_q3_M,q3,qwen_fp16,0.8251748251748252,1287,3.8080290586010523e-07,0.1561771561771562,0.4708624708624708,429.0
Experiment-20-qwen2.5_3b-instruct-429-words,rare,qwen_q3_S,q3,qwen_fp16,0.7397047397047397,1287,1.7701819202005607e-18,0.1328671328671328,0.3799533799533799,429.0
Experiment-20-qwen2.5_3b-instruct-429-words,rare,qwen_q4_M,q4,qwen_fp16,0.93006993006993,1287,0.3792102384601721,0.3659673659673659,0.8741258741258742,429.0
Experiment-20-qwen2.5_3b-instruct-429-words,rare,qwen_q6,q6,qwen_fp16,0.9331779331779332,1287,0.1439400733150025,0.3916083916083916,0.8811188811188811,429.0
Experiment-20-qwen2.5_3b-instruct-429-words,rare,qwen_q8,q8,qwen_fp16,0.9254079254079254,1287,0.6620128960283778,0.3799533799533799,0.8881118881118881,429.0
Experiment-21-phi3.5_3.8b-429-words,rare,phi_fp16,fp16,phi_fp16,0.9673659673659674,1287,,0.4312354312354312,0.9417249417249416,429.0
Experiment-21-phi3.5_3.8b-429-words,rare,phi_q2,q2,phi_fp16,0.0038850038850038,1287,4.922734724941476e-89,0.0023310023310023,0.0186480186480186,429.0
Experiment-21-phi3.5_3.8b-429-words,rare,phi_q3_l,q3,phi_fp16,0.9673659673659674,1287,0.745368179634306,0.372960372960373,0.902097902097902,429.0
Experiment-21-phi3.5_3.8b-429-words,rare,phi_q3_m,q3,phi_fp16,0.9704739704739704,1287,0.7285763955694411,0.4475524475524475,0.9207459207459208,429.0
Experiment-21-phi3.5_3.8b-429-words,rare,phi_q3_s,q3,phi_fp16,0.9487179487179488,1287,0.002735229625372,0.3613053613053613,0.9184149184149184,429.0
Experiment-21-phi3.5_3.8b-429-words,rare,phi_q4,q4,phi_fp16,0.9712509712509712,1287,0.6028086418096739,0.4149184149184149,0.9417249417249416,429.0
Experiment-21-phi3.5_3.8b-429-words,rare,phi_q6,q6,phi_fp16,0.965034965034965,1287,0.7161326774494403,0.4079254079254079,0.9347319347319348,429.0
Experiment-21-phi3.5_3.8b-429-words,rare,phi_q8,q8,phi_fp16,0.9681429681429682,1287,0.9925995856961948,0.4382284382284382,0.944055944055944,429.0
Experiment-22-GLM4_9b-429-words,rare,glm_fp16,fp16,glm_fp16,0.9627039627039627,1287,,0.3636363636363636,0.8671328671328671,429.0
Experiment-22-GLM4_9b-429-words,rare,glm_q2,q2,glm_fp16,0.9557109557109555,1287,0.3948436566868042,0.3403263403263403,0.8111888111888111,429.0
Experiment-22-GLM4_9b-429-words,rare,glm_q3_l,q3,glm_fp16,0.9603729603729604,1287,0.4672311534979714,0.351981351981352,0.8461538461538461,429.0
Experiment-22-GLM4_9b-429-words,rare,glm_q3_m,q3,glm_fp16,0.961926961926962,1287,0.5078174635219641,0.3566433566433566,0.8578088578088578,429.0
Experiment-22-GLM4_9b-429-words,rare,glm_q3_s,q3,glm_fp16,0.9557109557109555,1287,0.2255333788850213,0.3682983682983683,0.8601398601398601,429.0
Experiment-22-GLM4_9b-429-words,rare,glm_q4_m,q4,glm_fp16,0.9611499611499612,1287,0.8919897095023942,0.358974358974359,0.8531468531468531,429.0
Experiment-22-GLM4_9b-429-words,rare,glm_q8,q8,glm_fp16,0.9549339549339548,1287,0.0636575647972883,0.3613053613053613,0.8624708624708625,429.0
Experiment-23-llama3.2_1b-instruct-429-words-unsloth-gguf-BRIDGE-EXPERIMENT,rare,llama3.2_1b_fp16,fp16,llama3.2_1b_fp16,0.8997668997668997,1287,,0.3822843822843823,0.8438228438228438,429.0
Experiment-23-llama3.2_1b-instruct-429-words-unsloth-gguf-BRIDGE-EXPERIMENT,rare,llama3.2_1b_q2,q2,llama3.2_1b_fp16,0.7995337995337995,1287,1.072410073576534e-10,0.1934731934731934,0.4755244755244755,429.0
Experiment-23-llama3.2_1b-instruct-429-words-unsloth-gguf-BRIDGE-EXPERIMENT,rare,llama3.2_1b_q3,q3,llama3.2_1b_fp16,0.8601398601398601,1287,0.0033576805463913,0.3613053613053613,0.7995337995337995,429.0
Experiment-23-llama3.2_1b-instruct-429-words-unsloth-gguf-BRIDGE-EXPERIMENT,rare,llama3.2_1b_q4,q4,llama3.2_1b_fp16,0.8655788655788655,1287,0.0036532601706103,0.3449883449883449,0.8018648018648019,429.0
Experiment-23-llama3.2_1b-instruct-429-words-unsloth-gguf-BRIDGE-EXPERIMENT,rare,llama3.2_1b_q8,q8,llama3.2_1b_fp16,0.8834498834498834,1287,0.0372123007501195,0.3706293706293706,0.8414918414918415,429.0
Experiment-26-qwen2.5_1.5b-instruct-429-words,rare,qwen_fp16,fp16,qwen_fp16,0.7824397824397824,1287,,0.4079254079254079,0.8717948717948718,429.0
Experiment-26-qwen2.5_1.5b-instruct-429-words,rare,qwen_q2,q2,qwen_fp16,0.5283605283605284,1287,5.934060948768688e-27,0.1072261072261072,0.2913752913752914,429.0
Experiment-26-qwen2.5_1.5b-instruct-429-words,rare,qwen_q3_L,q3,qwen_fp16,0.8181818181818182,1287,0.0177147347553105,0.3682983682983683,0.8251748251748252,429.0
Experiment-26-qwen2.5_1.5b-instruct-429-words,rare,qwen_q3_M,q3,qwen_fp16,0.8290598290598291,1287,0.0055112356408002,0.3496503496503496,0.8111888111888111,429.0
Experiment-26-qwen2.5_1.5b-instruct-429-words,rare,qwen_q3_S,q3,qwen_fp16,0.756021756021756,1287,0.0296180958478567,0.282051282051282,0.7132867132867133,429.0
Experiment-26-qwen2.5_1.5b-instruct-429-words,rare,qwen_q4_M,q4,qwen_fp16,0.7793317793317793,1287,0.1645131923552638,0.4032634032634032,0.8508158508158508,429.0
Experiment-26-qwen2.5_1.5b-instruct-429-words,rare,qwen_q4_S,q4,qwen_fp16,0.8073038073038074,1287,0.1472300186208455,0.3892773892773892,0.8251748251748252,429.0
Experiment-26-qwen2.5_1.5b-instruct-429-words,rare,qwen_q8,q8,qwen_fp16,0.790986790986791,1287,0.4832440525517809,0.3962703962703963,0.8694638694638694,429.0
Experiment-27-qwen2.5_0.5b-instruct-429-words,rare,qwen_fp16,fp16,qwen_fp16,0.602952602952603,1287,,0.2727272727272727,0.6783216783216783,429.0
Experiment-27-qwen2.5_0.5b-instruct-429-words,rare,qwen_q2,q2,qwen_fp16,0.7055167055167055,1287,2.07249668822076e-08,0.2004662004662004,0.5407925407925408,429.0
Experiment-27-qwen2.5_0.5b-instruct-429-words,rare,qwen_q3_L,q3,qwen_fp16,0.6231546231546231,1287,0.1088385881891975,0.2494172494172494,0.6317016317016317,429.0
Experiment-27-qwen2.5_0.5b-instruct-429-words,rare,qwen_q3_M,q3,qwen_fp16,0.5944055944055944,1287,0.8178868410163321,0.296037296037296,0.662004662004662,429.0
Experiment-27-qwen2.5_0.5b-instruct-429-words,rare,qwen_q3_S,q3,qwen_fp16,0.6923076923076923,1287,4.962208683104711e-07,0.1678321678321678,0.5384615384615384,429.0
Experiment-27-qwen2.5_0.5b-instruct-429-words,rare,qwen_q4_M,q4,qwen_fp16,0.6037296037296037,1287,0.8739177880747407,0.2680652680652681,0.627039627039627,429.0
Experiment-27-qwen2.5_0.5b-instruct-429-words,rare,qwen_q4_S,q4,qwen_fp16,0.5804195804195804,1287,0.1554889106018857,0.2517482517482518,0.6107226107226107,429.0
Experiment-27-qwen2.5_0.5b-instruct-429-words,rare,qwen_q8,q8,qwen_fp16,0.5967365967365967,1287,0.9446423232864536,0.2680652680652681,0.6526806526806527,429.0
Experiment-29-qwen3_2507_4b-instruct-429-words,rare,qwen3:4b_fp16,fp16,qwen3:4b_fp16,0.9766899766899768,1287,,0.4079254079254079,0.8997668997668997,429.0
Experiment-29-qwen3_2507_4b-instruct-429-words,rare,qwen3:4b_q2_K,q2,qwen3:4b_fp16,0.9829059829059827,1287,0.2660742938277176,0.3822843822843823,0.8111888111888111,429.0
Experiment-29-qwen3_2507_4b-instruct-429-words,rare,qwen3:4b_q2_K_L,q2,qwen3:4b_fp16,0.9829059829059827,1287,0.2660742938277176,0.3822843822843823,0.8111888111888111,429.0
Experiment-29-qwen3_2507_4b-instruct-429-words,rare,qwen3:4b_q3_M,q3,qwen3:4b_fp16,0.972027972027972,1287,0.4897776999681122,0.4289044289044289,0.8834498834498834,429.0
Experiment-29-qwen3_2507_4b-instruct-429-words,rare,qwen3:4b_q3_S,q3,qwen3:4b_fp16,0.9766899766899768,1287,0.9753100344042076,0.4219114219114219,0.8578088578088578,429.0
Experiment-29-qwen3_2507_4b-instruct-429-words,rare,qwen3:4b_q4_M,q4,qwen3:4b_fp16,0.982128982128982,1287,0.1314407309948331,0.4242424242424242,0.8811188811188811,429.0
Experiment-29-qwen3_2507_4b-instruct-429-words,rare,qwen3:4b_q4_S,q4,qwen3:4b_fp16,0.9852369852369852,1287,0.024964295938089,0.4172494172494173,0.8694638694638694,429.0
Experiment-29-qwen3_2507_4b-instruct-429-words,rare,qwen3:4b_q5,q5,qwen3:4b_fp16,0.9743589743589745,1287,0.3229269366237788,0.4289044289044289,0.8881118881118881,429.0
Experiment-29-qwen3_2507_4b-instruct-429-words,rare,qwen3:4b_q6,q6,qwen3:4b_fp16,0.9797979797979798,1287,0.3832862357654938,0.4172494172494173,0.8857808857808858,429.0
Experiment-29-qwen3_2507_4b-instruct-429-words,rare,qwen3:4b_q8,q8,qwen3:4b_fp16,0.9829059829059827,1287,0.1295236074261204,0.4079254079254079,0.8904428904428905,429.0
Experiment-30-phi4-mini-instruct-3.8b-GGUF-429-words,rare,phi4-mini-4b_fp16,fp16,phi4-mini-4b_fp16,0.9386169386169386,1287,,0.4289044289044289,0.9090909090909092,429.0
Experiment-30-phi4-mini-instruct-3.8b-GGUF-429-words,rare,phi4-mini-4b_q2_K,q2,phi4-mini-4b_fp16,0.5944055944055944,1287,5.323677274962969e-43,0.1794871794871795,0.5151515151515151,429.0
Experiment-30-phi4-mini-instruct-3.8b-GGUF-429-words,rare,phi4-mini-4b_q2_K_L,q2,phi4-mini-4b_fp16,0.5944055944055944,1287,5.323677274962969e-43,0.1794871794871795,0.5151515151515151,429.0
Experiment-30-phi4-mini-instruct-3.8b-GGUF-429-words,rare,phi4-mini-4b_q3,q3,phi4-mini-4b_fp16,0.9137529137529138,1287,0.0130341477549961,0.4102564102564102,0.9090909090909092,429.0
Experiment-30-phi4-mini-instruct-3.8b-GGUF-429-words,rare,phi4-mini-4b_q4,q4,phi4-mini-4b_fp16,0.9331779331779332,1287,0.3445386054150059,0.4055944055944055,0.9044289044289044,429.0
Experiment-30-phi4-mini-instruct-3.8b-GGUF-429-words,rare,phi4-mini-4b_q5,q5,phi4-mini-4b_fp16,0.9316239316239316,1287,0.2675159264301113,0.4195804195804196,0.916083916083916,429.0
Experiment-30-phi4-mini-instruct-3.8b-GGUF-429-words,rare,phi4-mini-4b_q6,q6,phi4-mini-4b_fp16,0.93006993006993,1287,0.2732065321840379,0.4195804195804196,0.916083916083916,429.0
Experiment-30-phi4-mini-instruct-3.8b-GGUF-429-words,rare,phi4-mini-4b_q8,q8,phi4-mini-4b_fp16,0.9316239316239316,1287,0.1873341290553506,0.4428904428904429,0.916083916083916,429.0
Experiment-31-gemma3n_e4b-429-words,rare,gemma-3n-e4b_q16,fp16,gemma-3n-e4b_q16,1.0,1287,,0.3892773892773892,0.9137529137529138,429.0
Experiment-31-gemma3n_e4b-429-words,rare,gemma-3n-e4b_q2_K,q2,gemma-3n-e4b_q16,0.9883449883449884,1287,0.001296895798959,0.2983682983682983,0.8321678321678322,429.0
Experiment-31-gemma3n_e4b-429-words,rare,gemma-3n-e4b_q2_K_L,q2,gemma-3n-e4b_q16,0.9883449883449884,1287,0.001296895798959,0.2983682983682983,0.8321678321678322,429.0
Experiment-31-gemma3n_e4b-429-words,rare,gemma-3n-e4b_q3_M,q3,gemma-3n-e4b_q16,1.0,1287,1.0,0.3659673659673659,0.9067599067599068,429.0
Experiment-31-gemma3n_e4b-429-words,rare,gemma-3n-e4b_q3_S,q3,gemma-3n-e4b_q16,0.9976689976689976,1287,0.3173105078629141,0.351981351981352,0.8717948717948718,429.0
Experiment-31-gemma3n_e4b-429-words,rare,gemma-3n-e4b_q4_M,q4,gemma-3n-e4b_q16,0.9984459984459984,1287,0.3173105078629141,0.3892773892773892,0.9114219114219114,429.0
Experiment-31-gemma3n_e4b-429-words,rare,gemma-3n-e4b_q4_S,q4,gemma-3n-e4b_q16,0.9976689976689976,1287,0.3173105078629141,0.4009324009324009,0.916083916083916,429.0
Experiment-31-gemma3n_e4b-429-words,rare,gemma-3n-e4b_q5,q5,gemma-3n-e4b_q16,0.9984459984459984,1287,0.3173105078629141,0.3822843822843823,0.8951048951048951,429.0
Experiment-32-ministral3-14b-instruct2512-gguf-429-words,rare,ministral3-14b_q2_K,q2,ministral3-14b_q6,0.9797979797979798,1287,0.1219452761563971,0.4428904428904429,0.9370629370629372,429.0
Experiment-32-ministral3-14b-instruct2512-gguf-429-words,rare,ministral3-14b_q2_K_L,q2,ministral3-14b_q6,0.9790209790209792,1287,0.2400301796639665,0.4825174825174825,0.9347319347319348,429.0
Experiment-32-ministral3-14b-instruct2512-gguf-429-words,rare,ministral3-14b_q3_M,q3,ministral3-14b_q6,0.9743589743589745,1287,0.0206548124261811,0.4172494172494173,0.9417249417249416,429.0
Experiment-32-ministral3-14b-instruct2512-gguf-429-words,rare,ministral3-14b_q3_S,q3,ministral3-14b_q6,0.9782439782439782,1287,0.2288156569599307,0.4452214452214452,0.9463869463869464,429.0
Experiment-32-ministral3-14b-instruct2512-gguf-429-words,rare,ministral3-14b_q6,q6,ministral3-14b_q6,0.9836829836829836,1287,,0.4242424242424242,0.9603729603729604,429.0
Experiment-33-granite4-h_350m-GGUF-429-words,rare,granite4-h-350m_fp16,fp16,granite4-h-350m_fp16,0.7505827505827506,1287,,0.1934731934731934,0.6153846153846154,429.0
Experiment-33-granite4-h_350m-GGUF-429-words,rare,granite4-h-350m_q3_M,q3,granite4-h-350m_fp16,0.7575757575757576,1287,0.6987977538869712,0.0769230769230769,0.324009324009324,429.0
Experiment-33-granite4-h_350m-GGUF-429-words,rare,granite4-h-350m_q3_S,q3,granite4-h-350m_fp16,0.7668997668997669,1287,0.5233956497983114,0.0675990675990676,0.2447552447552447,429.0
Experiment-33-granite4-h_350m-GGUF-429-words,rare,granite4-h-350m_q4_M,q4,granite4-h-350m_fp16,0.7008547008547008,1287,0.0012076630752545,0.1818181818181818,0.5384615384615384,429.0
Experiment-33-granite4-h_350m-GGUF-429-words,rare,granite4-h-350m_q4_S,q4,granite4-h-350m_fp16,0.6728826728826729,1287,1.5733590761495e-06,0.1561771561771562,0.4988344988344988,429.0
Experiment-33-granite4-h_350m-GGUF-429-words,rare,granite4-h-350m_q5_M,q5,granite4-h-350m_fp16,0.7365967365967366,1287,0.4376851484458349,0.1864801864801865,0.5944055944055944,429.0
Experiment-33-granite4-h_350m-GGUF-429-words,rare,granite4-h-350m_q5_S,q5,granite4-h-350m_fp16,0.7257187257187258,1287,0.0336334521620567,0.1724941724941724,0.5920745920745921,429.0
Experiment-33-granite4-h_350m-GGUF-429-words,rare,granite4-h-350m_q6,q6,granite4-h-350m_fp16,0.7513597513597513,1287,0.4822145279783445,0.1841491841491841,0.5710955710955711,429.0
Experiment-33-granite4-h_350m-GGUF-429-words,rare,granite4-h-350m_q8,q8,granite4-h-350m_fp16,0.7435897435897436,1287,0.7247958221581363,0.1794871794871795,0.6037296037296037,429.0
Experiment-34-granite4-h_1b-GGUF-429-words,rare,granite4-h_1b_fp16,fp16,granite4-h_1b_fp16,0.9067599067599068,1287,,0.3659673659673659,0.8438228438228438,429.0
Experiment-34-granite4-h_1b-GGUF-429-words,rare,granite4-h_1b_q2,q2,granite4-h_1b_fp16,0.8873348873348873,1287,0.0457283686722931,0.1351981351981352,0.4755244755244755,429.0
Experiment-34-granite4-h_1b-GGUF-429-words,rare,granite4-h_1b_q2_L,q2,granite4-h_1b_fp16,0.9067599067599068,1287,0.7616118100150658,0.1282051282051282,0.4662004662004662,429.0
Experiment-34-granite4-h_1b-GGUF-429-words,rare,granite4-h_1b_q3_M,q3,granite4-h_1b_fp16,0.9184149184149184,1287,0.171132737080924,0.317016317016317,0.8135198135198135,429.0
Experiment-34-granite4-h_1b-GGUF-429-words,rare,granite4-h_1b_q3_S,q3,granite4-h_1b_fp16,0.912975912975913,1287,0.4464071188692968,0.331002331002331,0.8018648018648019,429.0
Experiment-34-granite4-h_1b-GGUF-429-words,rare,granite4-h_1b_q4_M,q4,granite4-h_1b_fp16,0.9184149184149184,1287,0.108061146105724,0.3566433566433566,0.8181818181818182,429.0
Experiment-34-granite4-h_1b-GGUF-429-words,rare,granite4-h_1b_q4_S,q4,granite4-h_1b_fp16,0.9269619269619268,1287,0.0168114974565521,0.3636363636363636,0.8368298368298368,429.0
Experiment-34-granite4-h_1b-GGUF-429-words,rare,granite4-h_1b_q5_M,q5,granite4-h_1b_fp16,0.90986790986791,1287,0.8734671626062556,0.3822843822843823,0.8578088578088578,429.0
Experiment-34-granite4-h_1b-GGUF-429-words,rare,granite4-h_1b_q5_S,q5,granite4-h_1b_fp16,0.90986790986791,1287,0.9665340544489632,0.3846153846153846,0.8484848484848485,429.0
Experiment-34-granite4-h_1b-GGUF-429-words,rare,granite4-h_1b_q6,q6,granite4-h_1b_fp16,0.9106449106449106,1287,0.4198562761936107,0.3869463869463869,0.8344988344988346,429.0
Experiment-34-granite4-h_1b-GGUF-429-words,rare,granite4-h_1b_q8,q8,granite4-h_1b_fp16,0.9106449106449106,1287,0.7786637003972129,0.3822843822843823,0.8414918414918415,429.0
Experiment-35-granite4-h_3b-GGUF-429-words,rare,granite4-h_3b_fp16,fp16,granite4-h_3b_fp16,0.9308469308469308,1287,,0.3566433566433566,0.8951048951048951,429.0
Experiment-35-granite4-h_3b-GGUF-429-words,rare,granite4-h_3b_q2,q2,granite4-h_3b_fp16,0.9448329448329448,1287,0.0803817569246849,0.3636363636363636,0.8228438228438228,429.0
Experiment-35-granite4-h_3b-GGUF-429-words,rare,granite4-h_3b_q2_L,q2,granite4-h_3b_fp16,0.940947940947941,1287,0.2362701287041768,0.3682983682983683,0.8298368298368298,429.0
Experiment-35-granite4-h_3b-GGUF-429-words,rare,granite4-h_3b_q3_M,q3,granite4-h_3b_fp16,0.9230769230769232,1287,0.5507625778024483,0.3286713286713286,0.8531468531468531,429.0
Experiment-35-granite4-h_3b-GGUF-429-words,rare,granite4-h_3b_q3_S,q3,granite4-h_3b_fp16,0.9137529137529138,1287,0.0736664092870067,0.3426573426573426,0.8484848484848485,429.0
Experiment-35-granite4-h_3b-GGUF-429-words,rare,granite4-h_3b_q4_M,q4,granite4-h_3b_fp16,0.9572649572649572,1287,0.0009579356700885,0.3822843822843823,0.9114219114219114,429.0
Experiment-35-granite4-h_3b-GGUF-429-words,rare,granite4-h_3b_q4_S,q4,granite4-h_3b_fp16,0.9432789432789432,1287,0.1347647133264934,0.3776223776223776,0.902097902097902,429.0
Experiment-35-granite4-h_3b-GGUF-429-words,rare,granite4-h_3b_q5_M,q5,granite4-h_3b_fp16,0.9285159285159286,1287,0.9392628307667392,0.3799533799533799,0.902097902097902,429.0
Experiment-35-granite4-h_3b-GGUF-429-words,rare,granite4-h_3b_q5_S,q5,granite4-h_3b_fp16,0.9393939393939394,1287,0.528577726036397,0.3613053613053613,0.8787878787878788,429.0
Experiment-35-granite4-h_3b-GGUF-429-words,rare,granite4-h_3b_q6,q6,granite4-h_3b_fp16,0.9308469308469308,1287,0.8915638508162848,0.3659673659673659,0.8904428904428905,429.0
Experiment-35-granite4-h_3b-GGUF-429-words,rare,granite4-h_3b_q8,q8,granite4-h_3b_fp16,0.9316239316239316,1287,0.9380979142555702,0.3566433566433566,0.8927738927738927,429.0
Experiment-36-ministral3_3b-instruct2512-GGUF-429-words,rare,ministral3-3b_fp16,fp16,ministral3-3b_fp16,0.954156954156954,1287,,0.3892773892773892,0.9207459207459208,429.0
Experiment-36-ministral3_3b-instruct2512-GGUF-429-words,rare,ministral3-3b_q2,q2,ministral3-3b_fp16,0.9215229215229216,1287,0.000327849704773,0.3939393939393939,0.8997668997668997,429.0
Experiment-36-ministral3_3b-instruct2512-GGUF-429-words,rare,ministral3-3b_q2_L,q2,ministral3-3b_fp16,0.9215229215229216,1287,0.000327849704773,0.3939393939393939,0.8997668997668997,429.0
Experiment-36-ministral3_3b-instruct2512-GGUF-429-words,rare,ministral3-3b_q3_M,q3,ministral3-3b_fp16,0.9564879564879564,1287,0.9524456242038496,0.4475524475524475,0.9184149184149184,429.0
Experiment-36-ministral3_3b-instruct2512-GGUF-429-words,rare,ministral3-3b_q3_S,q3,ministral3-3b_fp16,0.9215229215229216,1287,0.0016145120772985,0.3846153846153846,0.8904428904428905,429.0
Experiment-36-ministral3_3b-instruct2512-GGUF-429-words,rare,ministral3-3b_q4_M,q4,ministral3-3b_fp16,0.9588189588189588,1287,0.6873872119857606,0.4195804195804196,0.9090909090909092,429.0
Experiment-36-ministral3_3b-instruct2512-GGUF-429-words,rare,ministral3-3b_q4_S,q4,ministral3-3b_fp16,0.9494949494949496,1287,0.3722521385720087,0.4382284382284382,0.916083916083916,429.0
Experiment-36-ministral3_3b-instruct2512-GGUF-429-words,rare,ministral3-3b_q5_M,q5,ministral3-3b_fp16,0.9502719502719502,1287,0.3942546715690738,0.4382284382284382,0.9277389277389276,429.0
Experiment-36-ministral3_3b-instruct2512-GGUF-429-words,rare,ministral3-3b_q5_S,q5,ministral3-3b_fp16,0.951048951048951,1287,0.7244124897573696,0.4242424242424242,0.916083916083916,429.0
Experiment-36-ministral3_3b-instruct2512-GGUF-429-words,rare,ministral3-3b_q6,q6,ministral3-3b_fp16,0.9557109557109555,1287,0.9016458294016064,0.3846153846153846,0.9184149184149184,429.0
Experiment-36-ministral3_3b-instruct2512-GGUF-429-words,rare,ministral3-3b_q8,q8,ministral3-3b_fp16,0.9526029526029526,1287,0.5551043516804024,0.3986013986013986,0.9207459207459208,429.0
Experiment-37-LFM2_700m--GGUF-429-words,rare,LFM2-700M_fp16,fp16,LFM2-700M_fp16,0.9292929292929292,1287,,0.289044289044289,0.6923076923076923,429.0
Experiment-37-LFM2_700m--GGUF-429-words,rare,LFM2-700M_q2,q2,LFM2-700M_fp16,0.846930846930847,1287,1.0211633331345955e-10,0.1421911421911421,0.4032634032634032,429.0
Experiment-37-LFM2_700m--GGUF-429-words,rare,LFM2-700M_q2_L,q2,LFM2-700M_fp16,0.846930846930847,1287,1.0211633331345955e-10,0.1421911421911421,0.4032634032634032,429.0
Experiment-37-LFM2_700m--GGUF-429-words,rare,LFM2-700M_q3_M,q3,LFM2-700M_fp16,0.9401709401709402,1287,0.3652228762847652,0.2284382284382284,0.6386946386946387,429.0
Experiment-37-LFM2_700m--GGUF-429-words,rare,LFM2-700M_q3_S,q3,LFM2-700M_fp16,0.9121989121989122,1287,0.0895534090858639,0.261072261072261,0.6456876456876457,429.0
Experiment-37-LFM2_700m--GGUF-429-words,rare,LFM2-700M_q4_M,q4,LFM2-700M_fp16,0.9285159285159286,1287,0.8468947700003542,0.2703962703962704,0.668997668997669,429.0
Experiment-37-LFM2_700m--GGUF-429-words,rare,LFM2-700M_q4_S,q4,LFM2-700M_fp16,0.9246309246309248,1287,0.8879587621277871,0.2797202797202797,0.6666666666666666,429.0
Experiment-37-LFM2_700m--GGUF-429-words,rare,LFM2-700M_q5_M,q5,LFM2-700M_fp16,0.9269619269619268,1287,0.3985026366935901,0.2867132867132867,0.7016317016317016,429.0
Experiment-37-LFM2_700m--GGUF-429-words,rare,LFM2-700M_q5_S,q5,LFM2-700M_fp16,0.9347319347319348,1287,0.6712979155980261,0.2773892773892774,0.6876456876456877,429.0
Experiment-37-LFM2_700m--GGUF-429-words,rare,LFM2-700M_q6,q6,LFM2-700M_fp16,0.9285159285159286,1287,0.7753560314995769,0.3076923076923077,0.6946386946386947,429.0
Experiment-37-LFM2_700m--GGUF-429-words,rare,LFM2-700M_q8,q8,LFM2-700M_fp16,0.9269619269619268,1287,0.6063950166097538,0.2913752913752914,0.6806526806526807,429.0
Experiment-38-LFM2_1.2b--GGUF-429-words,rare,LFM2-1.2b_fp16,fp16,LFM2-1.2b_fp16,0.9463869463869464,1287,,0.3053613053613053,0.7202797202797203,429.0
Experiment-38-LFM2_1.2b--GGUF-429-words,rare,LFM2-1.2b_q2,q2,LFM2-1.2b_fp16,0.9238539238539238,1287,0.064636593876594,0.1958041958041958,0.5058275058275058,429.0
Experiment-38-LFM2_1.2b--GGUF-429-words,rare,LFM2-1.2b_q2_L,q2,LFM2-1.2b_fp16,0.9238539238539238,1287,0.064636593876594,0.1958041958041958,0.5058275058275058,429.0
Experiment-38-LFM2_1.2b--GGUF-429-words,rare,LFM2-1.2b_q3_M,q3,LFM2-1.2b_fp16,0.9603729603729604,1287,0.0455193053902297,0.3123543123543124,0.717948717948718,429.0
Experiment-38-LFM2_1.2b--GGUF-429-words,rare,LFM2-1.2b_q3_S,q3,LFM2-1.2b_fp16,0.9487179487179488,1287,0.6913379741370478,0.2727272727272727,0.6899766899766899,429.0
Experiment-38-LFM2_1.2b--GGUF-429-words,rare,LFM2-1.2b_q4_M,q4,LFM2-1.2b_fp16,0.9494949494949496,1287,0.5560253426632753,0.3146853146853147,0.7365967365967366,429.0
Experiment-38-LFM2_1.2b--GGUF-429-words,rare,LFM2-1.2b_q4_S,q4,LFM2-1.2b_fp16,0.9526029526029526,1287,0.3206936449141064,0.31002331002331,0.7272727272727273,429.0
Experiment-38-LFM2_1.2b--GGUF-429-words,rare,LFM2-1.2b_q5_M,q5,LFM2-1.2b_fp16,0.954156954156954,1287,0.2885024384862087,0.317016317016317,0.7249417249417249,429.0
Experiment-38-LFM2_1.2b--GGUF-429-words,rare,LFM2-1.2b_q5_S,q5,LFM2-1.2b_fp16,0.9487179487179488,1287,0.7525212823340267,0.3193473193473193,0.7319347319347319,429.0
Experiment-38-LFM2_1.2b--GGUF-429-words,rare,LFM2-1.2b_q6,q6,LFM2-1.2b_fp16,0.9417249417249416,1287,0.7559970069529065,0.3076923076923077,0.7226107226107226,429.0
Experiment-38-LFM2_1.2b--GGUF-429-words,rare,LFM2-1.2b_q8,q8,LFM2-1.2b_fp16,0.951048951048951,1287,0.1899831540084771,0.317016317016317,0.7272727272727273,429.0
Experiment-39-LFM2.5-instruct_1.2b--GGUF-429-words,rare,LFM2.5-1.2b_fp16,fp16,LFM2.5-1.2b_fp16,0.9681429681429682,1287,,0.2564102564102564,0.7226107226107226,429.0
Experiment-39-LFM2.5-instruct_1.2b--GGUF-429-words,rare,LFM2.5-1.2b_q2,q2,LFM2.5-1.2b_fp16,0.9285159285159286,1287,7.902606588317512e-05,0.1445221445221445,0.3682983682983683,429.0
Experiment-39-LFM2.5-instruct_1.2b--GGUF-429-words,rare,LFM2.5-1.2b_q2_L,q2,LFM2.5-1.2b_fp16,0.9285159285159286,1287,7.902606588317512e-05,0.1445221445221445,0.3682983682983683,429.0
Experiment-39-LFM2.5-instruct_1.2b--GGUF-429-words,rare,LFM2.5-1.2b_q3_M,q3,LFM2.5-1.2b_fp16,0.9634809634809636,1287,0.5603912442033844,0.2214452214452214,0.6037296037296037,429.0
Experiment-39-LFM2.5-instruct_1.2b--GGUF-429-words,rare,LFM2.5-1.2b_q3_S,q3,LFM2.5-1.2b_fp16,0.9533799533799534,1287,0.0230284910534224,0.1911421911421911,0.5641025641025641,429.0
Experiment-39-LFM2.5-instruct_1.2b--GGUF-429-words,rare,LFM2.5-1.2b_q4_M,q4,LFM2.5-1.2b_fp16,0.9627039627039627,1287,0.3098957755973025,0.2797202797202797,0.696969696969697,429.0
Experiment-39-LFM2.5-instruct_1.2b--GGUF-429-words,rare,LFM2.5-1.2b_q4_S,q4,LFM2.5-1.2b_fp16,0.9696969696969696,1287,0.9015639971209232,0.2727272727272727,0.6783216783216783,429.0
Experiment-39-LFM2.5-instruct_1.2b--GGUF-429-words,rare,LFM2.5-1.2b_q5_M,q5,LFM2.5-1.2b_fp16,0.965034965034965,1287,0.7289842801368518,0.2703962703962704,0.710955710955711,429.0
Experiment-39-LFM2.5-instruct_1.2b--GGUF-429-words,rare,LFM2.5-1.2b_q5_S,q5,LFM2.5-1.2b_fp16,0.965034965034965,1287,0.5314906094832389,0.2703962703962704,0.7296037296037297,429.0
Experiment-39-LFM2.5-instruct_1.2b--GGUF-429-words,rare,LFM2.5-1.2b_q6,q6,LFM2.5-1.2b_fp16,0.9681429681429682,1287,0.8170846814012418,0.282051282051282,0.7319347319347319,429.0
Experiment-39-LFM2.5-instruct_1.2b--GGUF-429-words,rare,LFM2.5-1.2b_q8,q8,LFM2.5-1.2b_fp16,0.972027972027972,1287,0.389197388647626,0.2517482517482518,0.7202797202797203,429.0
Experiment-40-granite4-h_7b-GGUF-429-words,rare,granite4-h_7b_q2,q2,granite4-h_7b_q8,0.9463869463869464,1287,0.0012788544458248,0.358974358974359,0.9067599067599068,429.0
Experiment-40-granite4-h_7b-GGUF-429-words,rare,granite4-h_7b_q2_L,q2,granite4-h_7b_q8,0.940947940947941,1287,0.0003678367754405,0.3613053613053613,0.8741258741258742,429.0
Experiment-40-granite4-h_7b-GGUF-429-words,rare,granite4-h_7b_q3_M,q3,granite4-h_7b_q8,0.9634809634809636,1287,0.3550876400135352,0.3846153846153846,0.8857808857808858,429.0
Experiment-40-granite4-h_7b-GGUF-429-words,rare,granite4-h_7b_q3_S,q3,granite4-h_7b_q8,0.9642579642579644,1287,0.3980433387157142,0.3799533799533799,0.8951048951048951,429.0
Experiment-40-granite4-h_7b-GGUF-429-words,rare,granite4-h_7b_q4_M,q4,granite4-h_7b_q8,0.9603729603729604,1287,0.2167717911603883,0.3869463869463869,0.8974358974358975,429.0
Experiment-40-granite4-h_7b-GGUF-429-words,rare,granite4-h_7b_q4_S,q4,granite4-h_7b_q8,0.9665889665889664,1287,0.8168753810748752,0.372960372960373,0.8834498834498834,429.0
Experiment-40-granite4-h_7b-GGUF-429-words,rare,granite4-h_7b_q5_M,q5,granite4-h_7b_q8,0.9642579642579644,1287,0.3868554937561974,0.3799533799533799,0.8811188811188811,429.0
Experiment-40-granite4-h_7b-GGUF-429-words,rare,granite4-h_7b_q5_S,q5,granite4-h_7b_q8,0.9658119658119658,1287,0.5563939966757724,0.3682983682983683,0.8927738927738927,429.0
Experiment-40-granite4-h_7b-GGUF-429-words,rare,granite4-h_7b_q6,q6,granite4-h_7b_q8,0.9642579642579644,1287,0.1680552421278974,0.3776223776223776,0.8787878787878788,429.0
Experiment-40-granite4-h_7b-GGUF-429-words,rare,granite4-h_7b_q8,q8,granite4-h_7b_q8,0.9696969696969696,1287,,0.3939393939393939,0.8951048951048951,429.0
Experiment-41-LFM2_8b--GGUF-429-words,rare,LFM2-8b-a1b_fp16,fp16,LFM2-8b-a1b_fp16,0.9704739704739704,1287,,0.3846153846153846,0.8834498834498834,429.0
Experiment-41-LFM2_8b--GGUF-429-words,rare,LFM2-8b-a1b_q2,q2,LFM2-8b-a1b_fp16,0.9362859362859364,1287,0.0001893261769,0.331002331002331,0.8041958041958042,429.0
Experiment-41-LFM2_8b--GGUF-429-words,rare,LFM2-8b-a1b_q2_L,q2,LFM2-8b-a1b_fp16,0.9362859362859364,1287,0.0001893261769,0.331002331002331,0.8041958041958042,429.0
Experiment-41-LFM2_8b--GGUF-429-words,rare,LFM2-8b-a1b_q3_M,q3,LFM2-8b-a1b_fp16,0.9642579642579644,1287,0.231837869639554,0.3636363636363636,0.8648018648018648,429.0
Experiment-41-LFM2_8b--GGUF-429-words,rare,LFM2-8b-a1b_q3_S,q3,LFM2-8b-a1b_fp16,0.9456099456099456,1287,0.0039332263846671,0.3473193473193473,0.8344988344988346,429.0
Experiment-41-LFM2_8b--GGUF-429-words,rare,LFM2-8b-a1b_q4_M,q4,LFM2-8b-a1b_fp16,0.9704739704739704,1287,0.6800432464194683,0.3776223776223776,0.8717948717948718,429.0
Experiment-41-LFM2_8b--GGUF-429-words,rare,LFM2-8b-a1b_q4_S,q4,LFM2-8b-a1b_fp16,0.9603729603729604,1287,0.0368017272241676,0.3892773892773892,0.8648018648018648,429.0
Experiment-41-LFM2_8b--GGUF-429-words,rare,LFM2-8b-a1b_q5_M,q5,LFM2-8b-a1b_fp16,0.9696969696969696,1287,0.6985328765319015,0.372960372960373,0.8717948717948718,429.0
Experiment-41-LFM2_8b--GGUF-429-words,rare,LFM2-8b-a1b_q5_S,q5,LFM2-8b-a1b_fp16,0.9681429681429682,1287,0.5654168321552968,0.3962703962703963,0.8951048951048951,429.0
Experiment-42-ministral3-8b-instruct2512-gguf-429-words,rare,ministral3-8b_bf16,fp16,ministral3-8b_bf16,0.9797979797979798,1287,,0.4592074592074592,0.9184149184149184,429.0
Experiment-42-ministral3-8b-instruct2512-gguf-429-words,rare,ministral3-8b_q2_K,q2,ministral3-8b_bf16,0.958041958041958,1287,0.0012616568388866,0.4731934731934732,0.9324009324009324,429.0
Experiment-42-ministral3-8b-instruct2512-gguf-429-words,rare,ministral3-8b_q2_K_L,q2,ministral3-8b_bf16,0.9595959595959596,1287,0.0075604644125512,0.4638694638694638,0.9254079254079254,429.0
Experiment-42-ministral3-8b-instruct2512-gguf-429-words,rare,ministral3-8b_q3_M,q3,ministral3-8b_bf16,0.9790209790209792,1287,0.6914679579114729,0.4592074592074592,0.9184149184149184,429.0
Experiment-42-ministral3-8b-instruct2512-gguf-429-words,rare,ministral3-8b_q3_S,q3,ministral3-8b_bf16,0.9751359751359752,1287,0.3840165372643723,0.4848484848484848,0.9114219114219114,429.0
Experiment-42-ministral3-8b-instruct2512-gguf-429-words,rare,ministral3-8b_q4_M,q4,ministral3-8b_bf16,0.9751359751359752,1287,0.2672827308145914,0.4452214452214452,0.916083916083916,429.0
Experiment-42-ministral3-8b-instruct2512-gguf-429-words,rare,ministral3-8b_q4_S,q4,ministral3-8b_bf16,0.975912975912976,1287,0.2677166407876583,0.4592074592074592,0.916083916083916,429.0
Experiment-42-ministral3-8b-instruct2512-gguf-429-words,rare,ministral3-8b_q6,q6,ministral3-8b_bf16,0.9774669774669774,1287,0.3137132170592652,0.4568764568764569,0.9184149184149184,429.0
Experiment-43-phi3.5_3.8b-common_words,common,phi_fp16,fp16,phi_fp16,0.95,300,,0.28,0.87,100.0
Experiment-43-phi3.5_3.8b-common_words,common,phi_q2,q2,phi_fp16,0.0333333333333333,300,1.2156495541183181e-20,0.0,0.03,100.0
Experiment-43-phi3.5_3.8b-common_words,common,phi_q3_l,q3,phi_fp16,0.9366666666666666,300,0.6653806646996335,0.21,0.82,100.0
Experiment-43-phi3.5_3.8b-common_words,common,phi_q3_m,q3,phi_fp16,0.94,300,0.8258171899982962,0.23,0.89,100.0
Experiment-43-phi3.5_3.8b-common_words,common,phi_q3_s,q3,phi_fp16,0.9466666666666668,300,0.9280450629474928,0.21,0.83,100.0
Experiment-43-phi3.5_3.8b-common_words,common,phi_q4,q4,phi_fp16,0.9666666666666668,300,0.4058280199297068,0.27,0.85,100.0
Experiment-43-phi3.5_3.8b-common_words,common,phi_q6,q6,phi_fp16,0.9733333333333334,300,0.1480711734748595,0.26,0.84,100.0
Experiment-43-phi3.5_3.8b-common_words,common,phi_q8,q8,phi_fp16,0.9566666666666668,300,0.5592222523242978,0.26,0.87,100.0
Experiment-44-gemma2_9b-instruct-common_words,common,gemma2_9b_fp16,fp16,gemma2_9b_fp16,0.9833333333333332,300,,0.15,0.85,100.0
Experiment-44-gemma2_9b-instruct-common_words,common,gemma2_9b_q2,q2,gemma2_9b_fp16,0.9833333333333332,300,1.0,0.21,0.82,100.0
Experiment-44-gemma2_9b-instruct-common_words,common,gemma2_9b_q3,q3,gemma2_9b_fp16,0.9733333333333334,300,0.3657122962815132,0.17,0.86,100.0
Experiment-44-gemma2_9b-instruct-common_words,common,gemma2_9b_q4,q4,gemma2_9b_fp16,0.9866666666666668,300,0.7054569861112734,0.17,0.86,100.0
Experiment-44-gemma2_9b-instruct-common_words,common,gemma2_9b_q8,q8,gemma2_9b_fp16,0.9833333333333332,300,0.7054569861112734,0.17,0.86,100.0
Experiment-45-llama3.2_3b-instruct-common_words,common,llama_fp16,fp16,llama_fp16,0.9933333333333332,300,,0.24,0.81,100.0
Experiment-45-llama3.2_3b-instruct-common_words,common,llama_q2,q2,llama_fp16,0.95,300,0.002859938208464,0.39,0.84,100.0
Experiment-45-llama3.2_3b-instruct-common_words,common,llama_q4,q4,llama_fp16,0.9933333333333332,300,1.0,0.26,0.84,100.0
Experiment-45-llama3.2_3b-instruct-common_words,common,llama_q6,q6,llama_fp16,0.9833333333333332,300,0.1797124948789997,0.22,0.81,100.0
Experiment-45-llama3.2_3b-instruct-common_words,common,llama_q8,q8,llama_fp16,0.9866666666666668,300,0.3173105078629141,0.24,0.82,100.0
Experiment-46-granite4-h_1b-gguf-common_words,common,granite4-h_1b_fp16,fp16,granite4-h_1b_fp16,0.93,300,,,0.83,100.0
Experiment-46-granite4-h_1b-gguf-common_words,common,granite4-h_1b_q4_M,q4,granite4-h_1b_fp16,0.9433333333333334,300,0.4330157782534765,,0.83,100.0
Experiment-46-granite4-h_1b-gguf-common_words,common,granite4-h_1b_q2,q2,granite4-h_1b_fp16,0.95,300,0.2651036510063485,,0.73,100.0
Experiment-47-LFM2.5-instruct_1.2b-gguf-common_words,common,LFM2.5-1.2b_fp16,fp16,LFM2.5-1.2b_fp16,0.9466666666666667,300,,,0.79,100.0
Experiment-47-LFM2.5-instruct_1.2b-gguf-common_words,common,LFM2.5-1.2b_q4_M,q4,LFM2.5-1.2b_fp16,0.9633333333333334,300,0.3975432882487796,,0.78,100.0
Experiment-47-LFM2.5-instruct_1.2b-gguf-common_words,common,LFM2.5-1.2b_q2,q2,LFM2.5-1.2b_fp16,0.9433333333333334,300,0.8862226890317271,,0.73,100.0
Experiment-59-llama3.2_1b-instruct-common_words,common,llama3.2_1b_fp16,fp16,llama3.2_1b_fp16,0.78,300,,,0.81,100.0
Experiment-59-llama3.2_1b-instruct-common_words,common,llama3.2_1b_q2,q2,llama3.2_1b_fp16,0.7833333333333333,300,0.8616296053304067,,0.57,100.0
Experiment-60-qwen2.5_1.5b-instruct-common_words,common,qwen_fp16,fp16,qwen_fp16,0.8366666666666667,300,,,0.79,100.0
Experiment-60-qwen2.5_1.5b-instruct-common_words,common,qwen_q2,q2,qwen_fp16,0.83,300,0.533309665866019,,0.5,100.0
Experiment-61-qwen2.5_0.5b-instruct-common_words,common,qwen_fp16,fp16,qwen_fp16,0.6166666666666667,300,,,0.72,100.0
Experiment-61-qwen2.5_0.5b-instruct-common_words,common,qwen_q2,q2,qwen_fp16,0.6833333333333333,300,0.0691038413542995,,0.68,100.0
Experiment-62-LFM2_700m-gguf-common_words,common,LFM2-700M_fp16,fp16,LFM2-700M_fp16,0.93,300,,,0.77,100.0
Experiment-62-LFM2_700m-gguf-common_words,common,LFM2-700M_q2,q2,LFM2-700M_fp16,0.9333333333333332,300,0.8014288108528694,,0.8,100.0
Experiment-63-LFM2_1.2b-gguf-common_words,common,LFM2-1.2b_fp16,fp16,LFM2-1.2b_fp16,0.9133333333333332,300,,,0.82,100.0
Experiment-63-LFM2_1.2b-gguf-common_words,common,LFM2-1.2b_q2,q2,LFM2-1.2b_fp16,0.9566666666666668,300,0.1051972707645261,,0.71,100.0
Experiment-64-granite4-h_350m-gguf-common_words,common,granite4-h-350m_fp16,fp16,granite4-h-350m_fp16,0.8,300,,,0.7,100.0
Experiment-64-granite4-h_350m-gguf-common_words,common,granite4-h-350m_q3_M,q3,granite4-h-350m_fp16,0.9166666666666666,300,0.0001223525499532,,0.68,100.0
