experiment,base,q2,disc_1to0,disc_0to1,mcnemar_p,probeA_wordlevel_wilcoxon_p
12-gemma2_2b-instruct-429-words,gemma_fp16,gemma_q2,55,19,4.7e-05,5.7e-02
13-llama3.2_3b-instruct-429-words,llama_fp16,llama_q2,76,22,8.6e-08,7.1e-06
14-mistral_7b-instruct-429-words,mistral_fp16,mistral_q2,42,22,1.8e-02,9.0e-02
15-mistral-nemo-12b-instruct-429-w,nemo_q8,nemo_q2,60,30,2.2e-03,3.7e-03
16-llama3.2_1b-instruct-429-words,llama3.2_1b_fp16,llama3.2_1b_q2,227,12,1.4e-43,6.5e-37
17-gemma2_9b-instruct-429-words,gemma2_9b_fp16,gemma2_9b_q2,25,18,3.6e-01,2.1e-02
18-qwen2.5_7b-instruct-429-words,qwen_fp16,qwen_q2,39,25,1.0e-01,2.5e-04
19-phi3_3.8b-429-words,phi3-3.8B-fp16,phi3-3.8B-q2,384,0,5.1e-116,2.2e-86
20-qwen2.5_3b-instruct-429-words,qwen_fp16,qwen_q2,382,0,2.0e-115,6.4e-84
21-phi3.5_3.8b-429-words,phi_fp16,phi_q2,396,0,1.2e-119,4.9e-89
22-GLM4_9b-429-words,glm_fp16,glm_q2,50,26,8.3e-03,3.9e-01
23-llama3.2_1b-instruct-429-words-,llama3.2_1b_fp16,llama3.2_1b_q2,174,16,4.7e-30,1.1e-10
26-qwen2.5_1.5b-instruct-429-words,qwen_fp16,qwen_q2,261,12,6.3e-51,5.9e-27
27-qwen2.5_0.5b-instruct-429-words,qwen_fp16,qwen_q2,97,38,6.0e-07,2.1e-08
29-qwen3_2507_4b-instruct-429-word,qwen3:4b_fp16,qwen3:4b_q2_K,60,22,4.4e-05,2.7e-01
30-phi4-mini-instruct-3.8b-GGUF-42,phi4-mini-4b_fp16,phi4-mini-4b_q2_K,183,14,5.1e-33,5.3e-43
31-gemma3n_e4b-429-words,gemma-3n-e4b_q16,gemma-3n-e4b_q2_K,48,13,1.3e-05,1.3e-03
32-ministral3-14b-instruct2512-ggu,ministral3-14b_q6,ministral3-14b_q2_K,19,9,8.9e-02,1.2e-01
34-granite4-h_1b-GGUF-429-words,granite4-h_1b_fp16,granite4-h_1b_q2,179,21,1.2e-28,4.6e-02
35-granite4-h_3b-GGUF-429-words,granite4-h_3b_fp16,granite4-h_3b_q2,60,29,1.5e-03,8.0e-02
36-ministral3_3b-instruct2512-GGUF,ministral3-3b_fp16,ministral3-3b_q2,26,17,2.2e-01,3.3e-04
37-LFM2_700m--GGUF-429-words,LFM2-700M_fp16,LFM2-700M_q2,149,25,1.1e-20,1.0e-10
38-LFM2_1.2b--GGUF-429-words,LFM2-1.2b_fp16,LFM2-1.2b_q2,114,22,6.0e-15,6.5e-02
39-LFM2.5-instruct_1.2b--GGUF-429-,LFM2.5-1.2b_fp16,LFM2.5-1.2b_q2,173,21,2.2e-27,7.9e-05
40-granite4-h_7b-GGUF-429-words,granite4-h_7b_q8,granite4-h_7b_q2,24,29,5.8e-01,1.3e-03
41-LFM2_8b--GGUF-429-words,LFM2-8b-a1b_fp16,LFM2-8b-a1b_q2,52,18,8.0e-05,1.9e-04
42-ministral3-8b-instruct2512-gguf,ministral3-8b_bf16,ministral3-8b_q2_K,14,20,3.9e-01,1.3e-03
43-phi3.5_3.8b-common_words,phi_fp16,phi_q2,84,0,1.0e-25,1.2e-20
44-gemma2_9b-instruct-common_words,gemma2_9b_fp16,gemma2_9b_q2,9,6,6.1e-01,1.0e+00
45-llama3.2_3b-instruct-common_wor,llama_fp16,llama_q2,4,7,5.5e-01,2.9e-03
