config,model,baseline_model,level,subvariant,is_primary_artifact,B_base,B_file,dB_pct,disc_1to0,disc_0to1,mcnemar_p,significant_raw,mcnemar_p_bh,significant_bh
Experiment-12-gemma2_2b-instruct-429-words,gemma_q2,gemma_fp16,q2,K,True,0.892774,0.808858,-9.4,55,19,4.728279371185723e-05,True,0.0003748236010612,True
Experiment-12-gemma2_2b-instruct-429-words,gemma_q4,gemma_fp16,q4,K,True,0.892774,0.871795,-2.35,19,10,0.13739482585580076,False,0.3815550577906314,False
Experiment-12-gemma2_2b-instruct-429-words,gemma_q6,gemma_fp16,q6,K,True,0.892774,0.890443,-0.26,9,8,1.0,False,1.0,False
Experiment-12-gemma2_2b-instruct-429-words,gemma_q8,gemma_fp16,q8,K,True,0.892774,0.892774,0.0,3,3,0.6830913983096086,False,0.9191464318579334,False
Experiment-13-llama3.2_3b-instruct-429-words,llama_q2,llama_fp16,q2,K,True,0.892774,0.7669,-14.1,76,22,8.612201221049013e-08,True,9.387299330943424e-07,True
Experiment-13-llama3.2_3b-instruct-429-words,llama_q4,llama_fp16,q4,K,True,0.892774,0.895105,0.26,16,17,1.0,False,1.0,False
Experiment-13-llama3.2_3b-instruct-429-words,llama_q6,llama_fp16,q6,K,True,0.892774,0.899767,0.78,3,6,0.5049850750938457,False,0.7935785451454349,False
Experiment-13-llama3.2_3b-instruct-429-words,llama_q8,llama_fp16,q8,K,True,0.892774,0.902098,1.04,1,5,0.22067136191984324,False,0.5119426144557557,False
Experiment-14-mistral_7b-instruct-429-words,mistral_q2,mistral_fp16,q2,K,True,0.822844,0.776224,-5.67,42,22,0.017548950191476703,True,0.0728643806916548,False
Experiment-14-mistral_7b-instruct-429-words,mistral_q4,mistral_fp16,q4,K,True,0.822844,0.827506,0.57,18,20,0.8711314915971582,False,0.9927709340287,False
Experiment-14-mistral_7b-instruct-429-words,mistral_q6,mistral_fp16,q6,K,True,0.822844,0.839161,1.98,5,12,0.1456100953968629,False,0.3992830288869951,False
Experiment-14-mistral_7b-instruct-429-words,mistral_q8,mistral_fp16,q8,K,True,0.822844,0.825175,0.28,4,5,1.0,False,1.0,False
Experiment-15-mistral-nemo-12b-instruct-429-words,nemo_q2,nemo_q8,q2,K,True,0.857809,0.787879,-8.15,60,30,0.0022366244452098703,True,0.0128311612909408,True
Experiment-15-mistral-nemo-12b-instruct-429-words,nemo_q3_m,nemo_q8,q3,M,True,0.857809,0.829837,-3.26,35,23,0.14863471074776885,False,0.4000292215186865,False
Experiment-15-mistral-nemo-12b-instruct-429-words,nemo_q4,nemo_q8,q4,K,True,0.857809,0.862471,0.54,13,15,0.8501067391385259,False,0.9883907687050594,False
Experiment-15-mistral-nemo-12b-instruct-429-words,nemo_q6,nemo_q8,q6,K,True,0.857809,0.857809,0.0,4,4,0.7236736098317629,False,0.9320737423450656,False
Experiment-16-llama3.2_1b-instruct-429-words,llama3.2_1b_q2,llama3.2_1b_fp16,q2,K,True,0.820513,0.319347,-61.08,227,12,1.4119046788797286e-43,True,7.694880499894519e-42,True
Experiment-16-llama3.2_1b-instruct-429-words,llama3.2_1b_q3,llama3.2_1b_fp16,q3,K,True,0.820513,0.785548,-4.26,42,27,0.09191104899535953,False,0.2802322892445927,False
Experiment-16-llama3.2_1b-instruct-429-words,llama3.2_1b_q4,llama3.2_1b_fp16,q4,K,True,0.820513,0.834499,1.7,17,23,0.42919530044034926,False,0.7169699271723842,False
Experiment-16-llama3.2_1b-instruct-429-words,llama3.2_1b_q8,llama3.2_1b_fp16,q8,K,True,0.820513,0.818182,-0.28,8,7,1.0,False,1.0,False
Experiment-17-gemma2_9b-instruct-429-words,gemma2_9b_q2,gemma2_9b_fp16,q2,K,True,0.890443,0.874126,-1.83,25,18,0.360196133386002,False,0.6598551014970457,False
Experiment-17-gemma2_9b-instruct-429-words,gemma2_9b_q3,gemma2_9b_fp16,q3,K,True,0.890443,0.885781,-0.52,15,13,0.8501067391385259,False,0.9883907687050594,False
Experiment-17-gemma2_9b-instruct-429-words,gemma2_9b_q4,gemma2_9b_fp16,q4,K,True,0.890443,0.911422,2.36,6,15,0.08085559837005234,False,0.2536189992039052,False
Experiment-17-gemma2_9b-instruct-429-words,gemma2_9b_q8,gemma2_9b_fp16,q8,K,True,0.890443,0.892774,0.26,2,3,1.0,False,1.0,False
Experiment-18-qwen2.5_7b-instruct-429-words,qwen_q2,qwen_fp16,q2,K,True,0.897436,0.864802,-3.64,39,25,0.10416255883043908,False,0.3110607921237769,False
Experiment-18-qwen2.5_7b-instruct-429-words,qwen_q3_L,qwen_fp16,q3,L,True,0.897436,0.902098,0.52,17,19,0.8676323347781927,False,0.9927709340287,False
Experiment-18-qwen2.5_7b-instruct-429-words,qwen_q3_M,qwen_fp16,q3,M,True,0.897436,0.88345,-1.56,25,19,0.45098231926888255,False,0.7336876537359432,False
Experiment-18-qwen2.5_7b-instruct-429-words,qwen_q3_S,qwen_fp16,q3,S,True,0.897436,0.846154,-5.71,40,18,0.005825677828368395,True,0.0282221725907624,True
Experiment-18-qwen2.5_7b-instruct-429-words,qwen_q4,qwen_fp16,q4,K,True,0.897436,0.904429,0.78,15,18,0.7277235466695502,False,0.9320737423450656,False
Experiment-18-qwen2.5_7b-instruct-429-words,qwen_q8,qwen_fp16,q8,K,True,0.897436,0.902098,0.52,1,3,0.6170750774519739,False,0.8650956069744714,False
Experiment-19-phi3_3.8b-429-words,phi3-3.8B-q2,phi3-3.8B-fp16,q2,K,True,0.920746,0.025641,-97.22,384,0,5.0758836746313e-116,True,1.1065426410696229e-113,True
Experiment-19-phi3_3.8b-429-words,phi3-3.8B-q3-M,phi3-3.8B-fp16,q3,M,True,0.920746,0.899767,-2.28,22,13,0.17629637444050728,False,0.4495042061757963,False
Experiment-19-phi3_3.8b-429-words,phi3-3.8B-q3-S,phi3-3.8B-fp16,q3,S,True,0.920746,0.881119,-4.3,32,15,0.019604108570366,True,0.0798821620250427,False
Experiment-19-phi3_3.8b-429-words,phi3-3.8B-q4,phi3-3.8B-fp16,q4,K,True,0.920746,0.904429,-1.77,13,6,0.16866861888781112,False,0.4351450759472524,False
Experiment-19-phi3_3.8b-429-words,phi3-3.8B-q6,phi3-3.8B-fp16,q6,K,True,0.920746,0.911422,-1.01,8,4,0.3864762307712325,False,0.6801169164423471,False
Experiment-19-phi3_3.8b-429-words,phi3-3.8B-q8,phi3-3.8B-fp16,q8,K,True,0.920746,0.918415,-0.25,3,2,1.0,False,1.0,False
Experiment-20-qwen2.5_3b-instruct-429-words,qwen_q2,qwen_fp16,q2,K,True,0.890443,0.0,-100.0,382,0,2.03035346985252e-115,True,2.9507803761856605e-113,True
Experiment-20-qwen2.5_3b-instruct-429-words,qwen_q3_L,qwen_fp16,q3,L,True,0.890443,0.503497,-43.46,182,16,9.374325812786224e-32,True,2.554503783984246e-30,True
Experiment-20-qwen2.5_3b-instruct-429-words,qwen_q3_M,qwen_fp16,q3,M,True,0.890443,0.470862,-47.12,198,18,4.001792441519767e-34,True,1.342139618848168e-32,True
Experiment-20-qwen2.5_3b-instruct-429-words,qwen_q3_S,qwen_fp16,q3,S,True,0.890443,0.379953,-57.33,236,17,9.406153891422118e-43,True,3.7282573606000397e-41,True
Experiment-20-qwen2.5_3b-instruct-429-words,qwen_q4_M,qwen_fp16,q4,M,True,0.890443,0.874126,-1.83,25,18,0.360196133386002,False,0.6598551014970457,False
Experiment-20-qwen2.5_3b-instruct-429-words,qwen_q6,qwen_fp16,q6,K,True,0.890443,0.881119,-1.05,14,10,0.5402913746074198,False,0.8113303764235342,False
Experiment-20-qwen2.5_3b-instruct-429-words,qwen_q8,qwen_fp16,q8,K,True,0.890443,0.888112,-0.26,6,5,1.0,False,1.0,False
Experiment-21-phi3.5_3.8b-429-words,phi_q2,phi_fp16,q2,K,True,0.941725,0.018648,-98.02,396,0,1.2392294127517818e-119,True,5.403040239597769e-117,True
Experiment-21-phi3.5_3.8b-429-words,phi_q3_l,phi_fp16,q3,L,True,0.941725,0.902098,-4.21,26,9,0.00684085843582897,True,0.0327759810771585,True
Experiment-21-phi3.5_3.8b-429-words,phi_q3_m,phi_fp16,q3,M,True,0.941725,0.920746,-2.23,23,14,0.18844541724270242,False,0.459006714624683,False
Experiment-21-phi3.5_3.8b-429-words,phi_q3_s,phi_fp16,q3,S,True,0.941725,0.918415,-2.48,25,15,0.15472892348537437,False,0.4133729574537939,False
Experiment-21-phi3.5_3.8b-429-words,phi_q4,phi_fp16,q4,K,True,0.941725,0.941725,0.0,11,11,0.8311704095417624,False,0.9820875299734644,False
Experiment-21-phi3.5_3.8b-429-words,phi_q6,phi_fp16,q6,K,True,0.941725,0.934732,-0.74,7,4,0.5464935954065822,False,0.8113303764235342,False
Experiment-21-phi3.5_3.8b-429-words,phi_q8,phi_fp16,q8,K,True,0.941725,0.944056,0.25,5,6,1.0,False,1.0,False
Experiment-22-GLM4_9b-429-words,glm_q2,glm_fp16,q2,K,True,0.867133,0.811189,-6.45,50,26,0.008332751739180256,True,0.0390653737449741,True
Experiment-22-GLM4_9b-429-words,glm_q3_l,glm_fp16,q3,L,True,0.867133,0.846154,-2.42,23,14,0.18844541724270242,False,0.459006714624683,False
Experiment-22-GLM4_9b-429-words,glm_q3_m,glm_fp16,q3,M,True,0.867133,0.857809,-1.08,24,20,0.6510766340778343,False,0.8954871055455387,False
Experiment-22-GLM4_9b-429-words,glm_q3_s,glm_fp16,q3,S,True,0.867133,0.86014,-0.81,22,19,0.7547764265871045,False,0.9364053836121228,False
Experiment-22-GLM4_9b-429-words,glm_q4_m,glm_fp16,q4,M,True,0.867133,0.853147,-1.61,15,9,0.30743416592739237,False,0.614877250792136,False
Experiment-22-GLM4_9b-429-words,glm_q8,glm_fp16,q8,K,True,0.867133,0.862471,-0.54,5,3,0.7236736098317629,False,0.9320737423450656,False
Experiment-23-llama3.2_1b-instruct-429-words-unsloth-gguf-BRIDGE-EXPERIMENT,llama3.2_1b_q2,llama3.2_1b_fp16,q2,K,False,0.843823,0.475524,-43.65,174,16,4.6911284209555355e-30,True,1.2031364656097726e-28,True
Experiment-23-llama3.2_1b-instruct-429-words-unsloth-gguf-BRIDGE-EXPERIMENT,llama3.2_1b_q3,llama3.2_1b_fp16,q3,K,False,0.843823,0.799534,-5.25,36,17,0.013417541070915159,True,0.05850047906919,False
Experiment-23-llama3.2_1b-instruct-429-words-unsloth-gguf-BRIDGE-EXPERIMENT,llama3.2_1b_q4,llama3.2_1b_fp16,q4,K,False,0.843823,0.801865,-4.97,31,13,0.010381795789701767,True,0.0476469785716839,True
Experiment-23-llama3.2_1b-instruct-429-words-unsloth-gguf-BRIDGE-EXPERIMENT,llama3.2_1b_q8,llama3.2_1b_fp16,q8,K,False,0.843823,0.841492,-0.28,10,9,1.0,False,1.0,False
Experiment-26-qwen2.5_1.5b-instruct-429-words,qwen_q2,qwen_fp16,q2,K,True,0.871795,0.291375,-66.58,261,12,6.348866997265401e-51,True,3.9544371582967346e-49,True
Experiment-26-qwen2.5_1.5b-instruct-429-words,qwen_q3_L,qwen_fp16,q3,L,True,0.871795,0.825175,-5.35,47,27,0.027195156956906944,True,0.1040095476597493,False
Experiment-26-qwen2.5_1.5b-instruct-429-words,qwen_q3_M,qwen_fp16,q3,M,True,0.871795,0.811189,-6.95,54,28,0.005766206610674033,True,0.0282221725907624,True
Experiment-26-qwen2.5_1.5b-instruct-429-words,qwen_q3_S,qwen_fp16,q3,S,True,0.871795,0.713287,-18.18,95,27,1.3122085382271088e-09,True,1.5055866385974196e-08,True
Experiment-26-qwen2.5_1.5b-instruct-429-words,qwen_q4_M,qwen_fp16,q4,M,True,0.871795,0.850816,-2.41,30,21,0.2626182904425174,False,0.5584902171455456,False
Experiment-26-qwen2.5_1.5b-instruct-429-words,qwen_q4_S,qwen_fp16,q4,S,True,0.871795,0.825175,-5.35,42,22,0.017548950191476703,True,0.0728643806916548,False
Experiment-26-qwen2.5_1.5b-instruct-429-words,qwen_q8,qwen_fp16,q8,K,True,0.871795,0.869464,-0.27,12,11,1.0,False,1.0,False
Experiment-27-qwen2.5_0.5b-instruct-429-words,qwen_q2,qwen_fp16,q2,K,True,0.678322,0.540793,-20.27,97,38,5.980517894461354e-07,True,5.92614954996625e-06,True
Experiment-27-qwen2.5_0.5b-instruct-429-words,qwen_q3_L,qwen_fp16,q3,L,True,0.678322,0.631702,-6.87,58,38,0.05247949955924649,False,0.1787582953736833,False
Experiment-27-qwen2.5_0.5b-instruct-429-words,qwen_q3_M,qwen_fp16,q3,M,True,0.678322,0.662005,-2.41,48,41,0.5247772510996042,False,0.8084907472771286,False
Experiment-27-qwen2.5_0.5b-instruct-429-words,qwen_q3_S,qwen_fp16,q3,S,True,0.678322,0.538462,-20.62,95,35,2.283480049492476e-07,True,2.428286101411511e-06,True
Experiment-27-qwen2.5_0.5b-instruct-429-words,qwen_q4_M,qwen_fp16,q4,M,True,0.678322,0.62704,-7.56,61,39,0.03572884112563301,True,0.1320150400913219,False
Experiment-27-qwen2.5_0.5b-instruct-429-words,qwen_q4_S,qwen_fp16,q4,S,True,0.678322,0.610723,-9.97,62,33,0.00406929652518767,True,0.0206303870346723,True
Experiment-27-qwen2.5_0.5b-instruct-429-words,qwen_q8,qwen_fp16,q8,K,True,0.678322,0.652681,-3.78,40,29,0.2286442623410733,False,0.5119426144557557,False
Experiment-29-qwen3_2507_4b-instruct-429-words,qwen3:4b_q2_K,qwen3:4b_fp16,q2,K,True,0.899767,0.811189,-9.84,60,22,4.3893718355551064e-05,True,0.0003544011333892,True
Experiment-29-qwen3_2507_4b-instruct-429-words,qwen3:4b_q2_K_L,qwen3:4b_fp16,q2,L,True,0.899767,0.811189,-9.84,60,22,4.3893718355551064e-05,True,0.0003544011333892,True
Experiment-29-qwen3_2507_4b-instruct-429-words,qwen3:4b_q3_M,qwen3:4b_fp16,q3,M,True,0.899767,0.88345,-1.81,24,17,0.348736660138805,False,0.6532584817327063,False
Experiment-29-qwen3_2507_4b-instruct-429-words,qwen3:4b_q3_S,qwen3:4b_fp16,q3,S,True,0.899767,0.857809,-4.66,33,15,0.014137969455911475,True,0.0610312344829445,False
Experiment-29-qwen3_2507_4b-instruct-429-words,qwen3:4b_q4_M,qwen3:4b_fp16,q4,M,True,0.899767,0.881119,-2.07,20,12,0.21592493894013678,False,0.508131725515749,False
Experiment-29-qwen3_2507_4b-instruct-429-words,qwen3:4b_q4_S,qwen3:4b_fp16,q4,S,True,0.899767,0.869464,-3.37,24,11,0.04252247799805162,True,0.151965577107791,False
Experiment-29-qwen3_2507_4b-instruct-429-words,qwen3:4b_q5,qwen3:4b_fp16,q5,K,True,0.899767,0.888112,-1.3,13,8,0.38273308888522595,False,0.6801169164423471,False
Experiment-29-qwen3_2507_4b-instruct-429-words,qwen3:4b_q6,qwen3:4b_fp16,q6,K,True,0.899767,0.885781,-1.55,10,4,0.18144920772141646,False,0.451910134096336,False
Experiment-29-qwen3_2507_4b-instruct-429-words,qwen3:4b_q8,qwen3:4b_fp16,q8,K,True,0.899767,0.890443,-1.04,7,3,0.34278171114790873,False,0.6497948959151661,False
Experiment-30-phi4-mini-instruct-3.8b-GGUF-429-words,phi4-mini-4b_q2_K,phi4-mini-4b_fp16,q2,K,True,0.909091,0.515152,-43.33,183,14,5.133433630419793e-33,True,1.4921180419086862e-31,True
Experiment-30-phi4-mini-instruct-3.8b-GGUF-429-words,phi4-mini-4b_q2_K_L,phi4-mini-4b_fp16,q2,L,True,0.909091,0.515152,-43.33,183,14,5.133433630419793e-33,True,1.4921180419086862e-31,True
Experiment-30-phi4-mini-instruct-3.8b-GGUF-429-words,phi4-mini-4b_q3,phi4-mini-4b_fp16,q3,K,True,0.909091,0.909091,0.0,21,21,0.8773705560641434,False,0.9935936686856274,False
Experiment-30-phi4-mini-instruct-3.8b-GGUF-429-words,phi4-mini-4b_q4,phi4-mini-4b_fp16,q4,K,True,0.909091,0.904429,-0.51,19,17,0.8676323347781927,False,0.9927709340287,False
Experiment-30-phi4-mini-instruct-3.8b-GGUF-429-words,phi4-mini-4b_q5,phi4-mini-4b_fp16,q5,K,True,0.909091,0.916084,0.77,9,12,0.6625205835400574,False,0.902684295073328,False
Experiment-30-phi4-mini-instruct-3.8b-GGUF-429-words,phi4-mini-4b_q6,phi4-mini-4b_fp16,q6,K,True,0.909091,0.916084,0.77,9,12,0.6625205835400574,False,0.902684295073328,False
Experiment-30-phi4-mini-instruct-3.8b-GGUF-429-words,phi4-mini-4b_q8,phi4-mini-4b_fp16,q8,K,True,0.909091,0.916084,0.77,3,6,0.5049850750938457,False,0.7935785451454349,False
Experiment-31-gemma3n_e4b-429-words,gemma-3n-e4b_q2_K,gemma-3n-e4b_q16,q2,K,True,0.913753,0.832168,-8.93,48,13,1.3413164157049882e-05,True,0.0001146694033818,True
Experiment-31-gemma3n_e4b-429-words,gemma-3n-e4b_q2_K_L,gemma-3n-e4b_q16,q2,L,True,0.913753,0.832168,-8.93,48,13,1.3413164157049882e-05,True,0.0001146694033818,True
Experiment-31-gemma3n_e4b-429-words,gemma-3n-e4b_q3_M,gemma-3n-e4b_q16,q3,M,True,0.913753,0.90676,-0.77,22,19,0.7547764265871045,False,0.9364053836121228,False
Experiment-31-gemma3n_e4b-429-words,gemma-3n-e4b_q3_S,gemma-3n-e4b_q16,q3,S,True,0.913753,0.871795,-4.59,31,13,0.010381795789701767,True,0.0476469785716839,True
Experiment-31-gemma3n_e4b-429-words,gemma-3n-e4b_q4_M,gemma-3n-e4b_q16,q4,M,True,0.913753,0.911422,-0.26,11,10,1.0,False,1.0,False
Experiment-31-gemma3n_e4b-429-words,gemma-3n-e4b_q4_S,gemma-3n-e4b_q16,q4,S,True,0.913753,0.916084,0.26,13,14,1.0,False,1.0,False
Experiment-31-gemma3n_e4b-429-words,gemma-3n-e4b_q5,gemma-3n-e4b_q16,q5,K,True,0.913753,0.895105,-2.04,14,6,0.11752486809663953,False,0.3393433277492373,False
Experiment-32-ministral3-14b-instruct2512-gguf-429-words,ministral3-14b_q2_K,ministral3-14b_q6,q2,K,True,0.960373,0.937063,-2.43,19,9,0.08897301170181328,False,0.276879849430676,False
Experiment-32-ministral3-14b-instruct2512-gguf-429-words,ministral3-14b_q2_K_L,ministral3-14b_q6,q2,L,True,0.960373,0.934732,-2.67,18,7,0.04550026389635857,True,0.1582346725485698,False
Experiment-32-ministral3-14b-instruct2512-gguf-429-words,ministral3-14b_q3_M,ministral3-14b_q6,q3,M,True,0.960373,0.941725,-1.94,13,5,0.09896015401940522,False,0.2996293552254213,False
Experiment-32-ministral3-14b-instruct2512-gguf-429-words,ministral3-14b_q3_S,ministral3-14b_q6,q3,S,True,0.960373,0.946387,-1.46,14,8,0.2864220227778557,False,0.5862910888786155,False
Experiment-33-granite4-h_350m-GGUF-429-words,granite4-h-350m_q3_M,granite4-h-350m_fp16,q3,M,True,0.615385,0.324009,-47.35,145,20,4.755848736231077e-22,True,8.294200195986998e-21,True
Experiment-33-granite4-h_350m-GGUF-429-words,granite4-h-350m_q3_S,granite4-h-350m_fp16,q3,S,True,0.615385,0.244755,-60.23,176,17,5.6936371260294e-30,True,1.379125437193788e-28,True
Experiment-33-granite4-h_350m-GGUF-429-words,granite4-h-350m_q4_M,granite4-h-350m_fp16,q4,M,True,0.615385,0.538462,-12.5,64,31,0.0010266104684135235,True,0.0065823847680631,True
Experiment-33-granite4-h_350m-GGUF-429-words,granite4-h-350m_q4_S,granite4-h-350m_fp16,q4,S,True,0.615385,0.498834,-18.94,76,26,1.2239351211219087e-06,True,1.1600776365416353e-05,True
Experiment-33-granite4-h_350m-GGUF-429-words,granite4-h-350m_q5_M,granite4-h-350m_fp16,q5,M,True,0.615385,0.594406,-3.41,41,32,0.3491037299167903,False,0.6532584817327063,False
Experiment-33-granite4-h_350m-GGUF-429-words,granite4-h-350m_q5_S,granite4-h-350m_fp16,q5,S,True,0.615385,0.592075,-3.79,45,35,0.3143046604738511,False,0.614877250792136,False
Experiment-33-granite4-h_350m-GGUF-429-words,granite4-h-350m_q6,granite4-h-350m_fp16,q6,K,True,0.615385,0.571096,-7.2,42,23,0.025573669368214657,True,0.0986736269428459,False
Experiment-33-granite4-h_350m-GGUF-429-words,granite4-h-350m_q8,granite4-h-350m_fp16,q8,K,True,0.615385,0.60373,-1.89,19,14,0.48623432138829725,False,0.7737159274645897,False
Experiment-34-granite4-h_1b-GGUF-429-words,granite4-h_1b_q2,granite4-h_1b_fp16,q2,K,True,0.843823,0.475524,-43.65,179,21,1.2325048558857824e-28,True,2.6868605858310056e-27,True
Experiment-34-granite4-h_1b-GGUF-429-words,granite4-h_1b_q2_L,granite4-h_1b_fp16,q2,L,True,0.843823,0.4662,-44.75,182,20,9.544386810625187e-30,True,2.190185604964516e-28,True
Experiment-34-granite4-h_1b-GGUF-429-words,granite4-h_1b_q3_M,granite4-h_1b_fp16,q3,M,True,0.843823,0.81352,-3.59,47,34,0.18242243945173198,False,0.451910134096336,False
Experiment-34-granite4-h_1b-GGUF-429-words,granite4-h_1b_q3_S,granite4-h_1b_fp16,q3,S,True,0.843823,0.801865,-4.97,50,32,0.06047206488395539,False,0.2028140022261888,False
Experiment-34-granite4-h_1b-GGUF-429-words,granite4-h_1b_q4_M,granite4-h_1b_fp16,q4,M,True,0.843823,0.818182,-3.04,28,17,0.13603712811414423,False,0.3802063324215826,False
Experiment-34-granite4-h_1b-GGUF-429-words,granite4-h_1b_q4_S,granite4-h_1b_fp16,q4,S,True,0.843823,0.83683,-0.83,24,21,0.7655944839957641,False,0.9429355791586248,False
Experiment-34-granite4-h_1b-GGUF-429-words,granite4-h_1b_q5_M,granite4-h_1b_fp16,q5,M,True,0.843823,0.857809,1.66,15,21,0.40465676192728617,False,0.6858178941447759,False
Experiment-34-granite4-h_1b-GGUF-429-words,granite4-h_1b_q5_S,granite4-h_1b_fp16,q5,S,True,0.843823,0.848485,0.55,18,20,0.8711314915971582,False,0.9927709340287,False
Experiment-34-granite4-h_1b-GGUF-429-words,granite4-h_1b_q6,granite4-h_1b_fp16,q6,K,True,0.843823,0.834499,-1.1,15,11,0.5562984612747348,False,0.8113303764235342,False
Experiment-34-granite4-h_1b-GGUF-429-words,granite4-h_1b_q8,granite4-h_1b_fp16,q8,K,True,0.843823,0.841492,-0.28,12,11,1.0,False,1.0,False
Experiment-35-granite4-h_3b-GGUF-429-words,granite4-h_3b_q2,granite4-h_3b_fp16,q2,K,True,0.895105,0.822844,-8.07,60,29,0.0014727828467661257,True,0.0086774773133787,True
Experiment-35-granite4-h_3b-GGUF-429-words,granite4-h_3b_q2_L,granite4-h_3b_fp16,q2,L,True,0.895105,0.829837,-7.29,57,29,0.0035971532078372627,True,0.019126326812403,True
Experiment-35-granite4-h_3b-GGUF-429-words,granite4-h_3b_q3_M,granite4-h_3b_fp16,q3,M,True,0.895105,0.853147,-4.69,34,16,0.016209541409225422,True,0.0692878436708067,False
Experiment-35-granite4-h_3b-GGUF-429-words,granite4-h_3b_q3_S,granite4-h_3b_fp16,q3,S,True,0.895105,0.848485,-5.21,38,18,0.011117560716106999,True,0.0504922549189859,False
Experiment-35-granite4-h_3b-GGUF-429-words,granite4-h_3b_q4_M,granite4-h_3b_fp16,q4,M,True,0.895105,0.911422,1.82,13,20,0.2962698714842834,False,0.6007884549811813,False
Experiment-35-granite4-h_3b-GGUF-429-words,granite4-h_3b_q4_S,granite4-h_3b_fp16,q4,S,True,0.895105,0.902098,0.78,17,20,0.7423083940717163,False,0.9364053836121228,False
Experiment-35-granite4-h_3b-GGUF-429-words,granite4-h_3b_q5_M,granite4-h_3b_fp16,q5,M,True,0.895105,0.902098,0.78,5,8,0.5790997419539188,False,0.8305509456970677,False
Experiment-35-granite4-h_3b-GGUF-429-words,granite4-h_3b_q5_S,granite4-h_3b_fp16,q5,S,True,0.895105,0.878788,-1.82,16,9,0.23013934044341314,False,0.5119426144557557,False
Experiment-35-granite4-h_3b-GGUF-429-words,granite4-h_3b_q6,granite4-h_3b_fp16,q6,K,True,0.895105,0.890443,-0.52,7,5,0.7728299926844475,False,0.9464996539618514,False
Experiment-35-granite4-h_3b-GGUF-429-words,granite4-h_3b_q8,granite4-h_3b_fp16,q8,K,True,0.895105,0.892774,-0.26,5,4,1.0,False,1.0,False
Experiment-36-ministral3_3b-instruct2512-GGUF-429-words,ministral3-3b_q2,ministral3-3b_fp16,q2,K,True,0.920746,0.899767,-2.28,26,17,0.2224692106646854,False,0.5119426144557557,False
Experiment-36-ministral3_3b-instruct2512-GGUF-429-words,ministral3-3b_q2_L,ministral3-3b_fp16,q2,L,True,0.920746,0.899767,-2.28,26,17,0.2224692106646854,False,0.5119426144557557,False
Experiment-36-ministral3_3b-instruct2512-GGUF-429-words,ministral3-3b_q3_M,ministral3-3b_fp16,q3,M,True,0.920746,0.918415,-0.25,17,16,1.0,False,1.0,False
Experiment-36-ministral3_3b-instruct2512-GGUF-429-words,ministral3-3b_q3_S,ministral3-3b_fp16,q3,S,True,0.920746,0.890443,-3.29,30,17,0.08005278235757977,False,0.2536189992039052,False
Experiment-36-ministral3_3b-instruct2512-GGUF-429-words,ministral3-3b_q4_M,ministral3-3b_fp16,q4,M,True,0.920746,0.909091,-1.27,16,11,0.4414183267820536,False,0.7262580772716052,False
Experiment-36-ministral3_3b-instruct2512-GGUF-429-words,ministral3-3b_q4_S,ministral3-3b_fp16,q4,S,True,0.920746,0.916084,-0.51,15,13,0.8501067391385259,False,0.9883907687050594,False
Experiment-36-ministral3_3b-instruct2512-GGUF-429-words,ministral3-3b_q5_M,ministral3-3b_fp16,q5,M,True,0.920746,0.927739,0.76,7,10,0.6276258050283593,False,0.8770668301037328,False
Experiment-36-ministral3_3b-instruct2512-GGUF-429-words,ministral3-3b_q5_S,ministral3-3b_fp16,q5,S,True,0.920746,0.916084,-0.51,12,10,0.8311704095417624,False,0.9820875299734644,False
Experiment-36-ministral3_3b-instruct2512-GGUF-429-words,ministral3-3b_q6,ministral3-3b_fp16,q6,K,True,0.920746,0.918415,-0.25,9,8,1.0,False,1.0,False
Experiment-36-ministral3_3b-instruct2512-GGUF-429-words,ministral3-3b_q8,ministral3-3b_fp16,q8,K,True,0.920746,0.920746,0.0,6,6,0.7728299926844475,False,0.9464996539618514,False
Experiment-37-LFM2_700m--GGUF-429-words,LFM2-700M_q2,LFM2-700M_fp16,q2,K,True,0.692308,0.403263,-41.75,149,25,1.1139676516814215e-20,True,1.7988514671596288e-19,True
Experiment-37-LFM2_700m--GGUF-429-words,LFM2-700M_q2_L,LFM2-700M_fp16,q2,L,True,0.692308,0.403263,-41.75,149,25,1.1139676516814215e-20,True,1.7988514671596288e-19,True
Experiment-37-LFM2_700m--GGUF-429-words,LFM2-700M_q3_M,LFM2-700M_fp16,q3,M,True,0.692308,0.638695,-7.74,51,28,0.013316405019712346,True,0.05850047906919,False
Experiment-37-LFM2_700m--GGUF-429-words,LFM2-700M_q3_S,LFM2-700M_fp16,q3,S,True,0.692308,0.645688,-6.73,56,36,0.04760395472787142,True,0.1634277500893853,False
Experiment-37-LFM2_700m--GGUF-429-words,LFM2-700M_q4_M,LFM2-700M_fp16,q4,M,True,0.692308,0.668998,-3.37,33,23,0.22910188406505527,False,0.5119426144557557,False
Experiment-37-LFM2_700m--GGUF-429-words,LFM2-700M_q4_S,LFM2-700M_fp16,q4,S,True,0.692308,0.666667,-3.7,33,22,0.1775298524121496,False,0.4500175328587047,False
Experiment-37-LFM2_700m--GGUF-429-words,LFM2-700M_q5_M,LFM2-700M_fp16,q5,M,True,0.692308,0.701632,1.35,18,22,0.6352562959972483,False,0.8820756211936314,False
Experiment-37-LFM2_700m--GGUF-429-words,LFM2-700M_q5_S,LFM2-700M_fp16,q5,S,True,0.692308,0.687646,-0.67,24,22,0.882783191152826,False,0.9971333454472336,False
Experiment-37-LFM2_700m--GGUF-429-words,LFM2-700M_q6,LFM2-700M_fp16,q6,K,True,0.692308,0.694639,0.34,10,11,1.0,False,1.0,False
Experiment-37-LFM2_700m--GGUF-429-words,LFM2-700M_q8,LFM2-700M_fp16,q8,K,True,0.692308,0.680653,-1.68,8,3,0.22779999398822554,False,0.5119426144557557,False
Experiment-38-LFM2_1.2b--GGUF-429-words,LFM2-1.2b_q2,LFM2-1.2b_fp16,q2,K,True,0.72028,0.505828,-29.77,114,22,6.036365910006842e-15,True,8.48985657020317e-14,True
Experiment-38-LFM2_1.2b--GGUF-429-words,LFM2-1.2b_q2_L,LFM2-1.2b_fp16,q2,L,True,0.72028,0.505828,-29.77,114,22,6.036365910006842e-15,True,8.48985657020317e-14,True
Experiment-38-LFM2_1.2b--GGUF-429-words,LFM2-1.2b_q3_M,LFM2-1.2b_fp16,q3,M,True,0.72028,0.717949,-0.32,36,35,1.0,False,1.0,False
Experiment-38-LFM2_1.2b--GGUF-429-words,LFM2-1.2b_q3_S,LFM2-1.2b_fp16,q3,S,True,0.72028,0.689977,-4.21,44,31,0.16585666034290605,False,0.4351450759472524,False
Experiment-38-LFM2_1.2b--GGUF-429-words,LFM2-1.2b_q4_M,LFM2-1.2b_fp16,q4,M,True,0.72028,0.736597,2.27,19,26,0.37109336952269756,False,0.6706691422206437,False
Experiment-38-LFM2_1.2b--GGUF-429-words,LFM2-1.2b_q4_S,LFM2-1.2b_fp16,q4,S,True,0.72028,0.727273,0.97,24,27,0.779434528427275,False,0.9466112935774148,False
Experiment-38-LFM2_1.2b--GGUF-429-words,LFM2-1.2b_q5_M,LFM2-1.2b_fp16,q5,M,True,0.72028,0.724942,0.65,18,20,0.8711314915971582,False,0.9927709340287,False
Experiment-38-LFM2_1.2b--GGUF-429-words,LFM2-1.2b_q5_S,LFM2-1.2b_fp16,q5,S,True,0.72028,0.731935,1.62,17,22,0.5218393903336151,False,0.8084907472771286,False
Experiment-38-LFM2_1.2b--GGUF-429-words,LFM2-1.2b_q6,LFM2-1.2b_fp16,q6,K,True,0.72028,0.722611,0.32,10,11,1.0,False,1.0,False
Experiment-38-LFM2_1.2b--GGUF-429-words,LFM2-1.2b_q8,LFM2-1.2b_fp16,q8,K,True,0.72028,0.727273,0.97,4,7,0.5464935954065822,False,0.8113303764235342,False
Experiment-39-LFM2.5-instruct_1.2b--GGUF-429-words,LFM2.5-1.2b_q2,LFM2.5-1.2b_fp16,q2,K,True,0.722611,0.368298,-49.03,173,21,2.196481801807407e-27,True,4.353027570854679e-26,True
Experiment-39-LFM2.5-instruct_1.2b--GGUF-429-words,LFM2.5-1.2b_q2_L,LFM2.5-1.2b_fp16,q2,L,True,0.722611,0.368298,-49.03,173,21,2.196481801807407e-27,True,4.353027570854679e-26,True
Experiment-39-LFM2.5-instruct_1.2b--GGUF-429-words,LFM2.5-1.2b_q3_M,LFM2.5-1.2b_fp16,q3,M,True,0.722611,0.60373,-16.45,77,26,8.365294421002608e-07,True,8.105040816793638e-06,True
Experiment-39-LFM2.5-instruct_1.2b--GGUF-429-words,LFM2.5-1.2b_q3_S,LFM2.5-1.2b_fp16,q3,S,True,0.722611,0.564103,-21.94,92,24,4.946457937460951e-10,True,5.990710168702707e-09,True
Experiment-39-LFM2.5-instruct_1.2b--GGUF-429-words,LFM2.5-1.2b_q4_M,LFM2.5-1.2b_fp16,q4,M,True,0.722611,0.69697,-3.55,37,26,0.20771208572755318,False,0.4975959855890919,False
Experiment-39-LFM2.5-instruct_1.2b--GGUF-429-words,LFM2.5-1.2b_q4_S,LFM2.5-1.2b_fp16,q4,S,True,0.722611,0.678322,-6.13,40,21,0.021185407615737752,True,0.0839712520041969,False
Experiment-39-LFM2.5-instruct_1.2b--GGUF-429-words,LFM2.5-1.2b_q5_M,LFM2.5-1.2b_fp16,q5,M,True,0.722611,0.710956,-1.61,25,20,0.5509849875850935,False,0.8113303764235342,False
Experiment-39-LFM2.5-instruct_1.2b--GGUF-429-words,LFM2.5-1.2b_q5_S,LFM2.5-1.2b_fp16,q5,S,True,0.722611,0.729604,0.97,19,22,0.7547764265871045,False,0.9364053836121228,False
Experiment-39-LFM2.5-instruct_1.2b--GGUF-429-words,LFM2.5-1.2b_q6,LFM2.5-1.2b_fp16,q6,K,True,0.722611,0.731935,1.29,12,16,0.5707503880581739,False,0.8212777861167123,False
Experiment-39-LFM2.5-instruct_1.2b--GGUF-429-words,LFM2.5-1.2b_q8,LFM2.5-1.2b_fp16,q8,K,True,0.722611,0.72028,-0.32,4,3,1.0,False,1.0,False
Experiment-40-granite4-h_7b-GGUF-429-words,granite4-h_7b_q2,granite4-h_7b_q8,q2,K,True,0.895105,0.90676,1.3,24,29,0.5827019821339483,False,0.8329772597062344,False
Experiment-40-granite4-h_7b-GGUF-429-words,granite4-h_7b_q2_L,granite4-h_7b_q8,q2,L,True,0.895105,0.874126,-2.34,34,25,0.2976383171466403,False,0.6007884549811813,False
Experiment-40-granite4-h_7b-GGUF-429-words,granite4-h_7b_q3_M,granite4-h_7b_q8,q3,M,True,0.895105,0.885781,-1.04,22,18,0.6352562959972483,False,0.8820756211936314,False
Experiment-40-granite4-h_7b-GGUF-429-words,granite4-h_7b_q3_S,granite4-h_7b_q8,q3,S,True,0.895105,0.895105,0.0,20,20,0.8743670611628918,False,0.9927709340287,False
Experiment-40-granite4-h_7b-GGUF-429-words,granite4-h_7b_q4_M,granite4-h_7b_q8,q4,M,True,0.895105,0.897436,0.26,14,15,1.0,False,1.0,False
Experiment-40-granite4-h_7b-GGUF-429-words,granite4-h_7b_q4_S,granite4-h_7b_q8,q4,S,True,0.895105,0.88345,-1.3,19,14,0.48623432138829725,False,0.7737159274645897,False
Experiment-40-granite4-h_7b-GGUF-429-words,granite4-h_7b_q5_M,granite4-h_7b_q8,q5,M,True,0.895105,0.881119,-1.56,14,8,0.2864220227778557,False,0.5862910888786155,False
Experiment-40-granite4-h_7b-GGUF-429-words,granite4-h_7b_q5_S,granite4-h_7b_q8,q5,S,True,0.895105,0.892774,-0.26,12,11,1.0,False,1.0,False
Experiment-40-granite4-h_7b-GGUF-429-words,granite4-h_7b_q6,granite4-h_7b_q8,q6,K,True,0.895105,0.878788,-1.82,13,6,0.16866861888781112,False,0.4351450759472524,False
Experiment-41-LFM2_8b--GGUF-429-words,LFM2-8b-a1b_q2,LFM2-8b-a1b_fp16,q2,K,True,0.88345,0.804196,-8.97,52,18,8.004864125547215e-05,True,0.0005915458913116,True
Experiment-41-LFM2_8b--GGUF-429-words,LFM2-8b-a1b_q2_L,LFM2-8b-a1b_fp16,q2,L,True,0.88345,0.804196,-8.97,52,18,8.004864125547215e-05,True,0.0005915458913116,True
Experiment-41-LFM2_8b--GGUF-429-words,LFM2-8b-a1b_q3_M,LFM2-8b-a1b_fp16,q3,M,True,0.88345,0.864802,-2.11,20,12,0.21592493894013678,False,0.508131725515749,False
Experiment-41-LFM2_8b--GGUF-429-words,LFM2-8b-a1b_q3_S,LFM2-8b-a1b_fp16,q3,S,True,0.88345,0.834499,-5.54,34,13,0.0035307619178311742,True,0.0190050888416591,True
Experiment-41-LFM2_8b--GGUF-429-words,LFM2-8b-a1b_q4_M,LFM2-8b-a1b_fp16,q4,M,True,0.88345,0.871795,-1.32,16,11,0.4414183267820536,False,0.7262580772716052,False
Experiment-41-LFM2_8b--GGUF-429-words,LFM2-8b-a1b_q4_S,LFM2-8b-a1b_fp16,q4,S,True,0.88345,0.864802,-2.11,20,12,0.21592493894013678,False,0.508131725515749,False
Experiment-41-LFM2_8b--GGUF-429-words,LFM2-8b-a1b_q5_M,LFM2-8b-a1b_fp16,q5,M,True,0.88345,0.871795,-1.32,14,9,0.4042484947394712,False,0.6858178941447759,False
Experiment-41-LFM2_8b--GGUF-429-words,LFM2-8b-a1b_q5_S,LFM2-8b-a1b_fp16,q5,S,True,0.88345,0.895105,1.32,7,12,0.3587953578869416,False,0.6598551014970457,False
Experiment-42-ministral3-8b-instruct2512-gguf-429-words,ministral3-8b_q2_K,ministral3-8b_bf16,q2,K,True,0.918415,0.932401,1.52,14,20,0.3911725228101395,False,0.6813613709741384,False
Experiment-42-ministral3-8b-instruct2512-gguf-429-words,ministral3-8b_q2_K_L,ministral3-8b_bf16,q2,L,True,0.918415,0.925408,0.76,16,19,0.7353166906373405,False,0.9364053836121228,False
Experiment-42-ministral3-8b-instruct2512-gguf-429-words,ministral3-8b_q3_M,ministral3-8b_bf16,q3,M,True,0.918415,0.918415,0.0,13,13,0.8445192674729399,False,0.9883907687050594,False
Experiment-42-ministral3-8b-instruct2512-gguf-429-words,ministral3-8b_q3_S,ministral3-8b_bf16,q3,S,True,0.918415,0.911422,-0.76,22,19,0.7547764265871045,False,0.9364053836121228,False
Experiment-42-ministral3-8b-instruct2512-gguf-429-words,ministral3-8b_q4_M,ministral3-8b_bf16,q4,M,True,0.918415,0.916084,-0.25,9,8,1.0,False,1.0,False
Experiment-42-ministral3-8b-instruct2512-gguf-429-words,ministral3-8b_q4_S,ministral3-8b_bf16,q4,S,True,0.918415,0.916084,-0.25,13,12,1.0,False,1.0,False
Experiment-42-ministral3-8b-instruct2512-gguf-429-words,ministral3-8b_q6,ministral3-8b_bf16,q6,K,True,0.918415,0.918415,0.0,4,4,0.7236736098317629,False,0.9320737423450656,False
