model,params,q8,q8_sig,q6,q6_sig,q5,q5_sig,q4,q4_sig,q3,q3_sig,q2,q2_sig
Granite4H-350M,0.35,-1.893939393939402,False,-7.196969696969706,True,-3.787878787878786,False,-18.93939393939395,True,-60.22727272727274,True,,False
Qwen2.5-0.5B,0.5,-3.7800687285223393,False,,False,,False,-9.96563573883162,True,-20.618556701030933,True,-20.274914089347078,True
LFM2-700M,0.7,-1.6835016835016747,False,0.33670033670034133,False,-0.6734006734006667,False,-3.703703703703707,False,-7.744107744107738,True,-41.75084175084176,True
Granite4H-1B,1.0,-0.2762430939226426,False,-1.1049723756905967,False,0.5524861878453114,False,-3.0386740331491606,False,-4.972375690607725,False,-44.751381215469614,True
LFM2-1.2B,1.2,0.9708737864077648,False,0.3236245954692447,False,0.6472491909385047,False,0.9708737864077648,False,-4.207119741100335,False,-29.773462783171528,True
Llama3.2-1B,1.2,-0.28409090909089946,False,,False,,False,1.7045454545454646,False,-4.261363636363628,False,-61.07954545454546,True
LFM2.5-1.2B,1.2,-0.32258064516127943,False,1.2903225806451637,False,-1.6129032258064433,False,-6.129032258064509,True,-21.935483870967737,True,-49.03225806451612,True
Qwen2.5-1.5B,1.5,-0.2673796791443887,False,,False,,False,-5.347593582887698,True,-18.181818181818176,True,-66.57754010695187,True
Gemma2-2B,2.6,0.0,False,-0.2610966057441165,False,,False,-2.3498694516971232,False,,False,-9.399477806788505,True
Granite4H-3B,3.0,-0.26041666666667024,False,-0.5208333333333282,False,-1.8229166666666672,False,0.7812499999999859,False,-5.20833333333333,True,-8.072916666666666,True
Ministral3-3B,3.0,0.0,False,-0.2531645569620288,False,-0.5063291139240576,False,-1.2658227848101198,False,-3.291139240506326,False,-2.278481012658235,False
Qwen2.5-3B,3.1,-0.26178010471204544,False,-1.0471204188481695,False,,False,-1.8324607329842935,False,-57.32984293193718,True,-100.0,True
Llama3.2-3B,3.2,1.044386422976491,False,0.7832898172323743,False,,False,0.2610966057441289,False,,False,-14.099216710182763,True
Phi4-mini-3.8B,3.8,0.7692307692307553,False,0.7692307692307553,False,0.7692307692307553,False,-0.5128205128205199,False,0.0,False,-43.33333333333334,True
Phi-3.5-3.8B,3.8,0.24752475247525096,False,-0.7425742574257176,False,,False,0.0,False,-4.207920792079207,True,-98.01980198019803,True
Phi-3-3.8B,3.8,-0.2531645569620288,False,-1.012658227848103,False,,False,-1.7721518987341773,False,-4.303797468354429,True,-97.21518987341773,True
Qwen3-4B,4.0,-1.0362694300518032,False,-1.554404145077717,False,-1.29533678756476,False,-3.367875647668391,True,-4.6632124352331505,True,-9.844559585492227,True
Gemma3n-E4B,4.0,,False,,False,-2.040816326530616,False,-0.25510204081633003,False,-4.59183673469388,True,-8.92857142857143,True
Granite4H-7B,7.0,0.0,False,-1.8229166666666672,False,-1.5624999999999967,False,-1.302083333333339,False,-1.0416666666666687,False,-2.343749999999995,False
Mistral-7B,7.2,0.28328611898017386,False,1.9830028328611902,False,,False,0.5665722379603343,False,,False,-5.665722379603396,True
Qwen2.5-7B,7.6,0.5194805194805019,False,,False,,False,0.7792207792207776,False,-5.714285714285718,True,-3.6363636363636367,False
Ministral3-8B,8.0,,False,0.0,False,,False,-0.25380710659898825,False,-0.7614213197969527,False,0.7614213197969527,False
LFM2-8B-A1B,8.3,,False,,False,-1.3192612137203097,False,-2.110817941952498,False,-5.540897097625319,True,-8.970976253298153,True
Gemma2-9B,9.2,0.261780104712033,False,,False,,False,2.356020942408372,False,-0.5235602094240909,False,-1.8324607329842935,False
GLM4-9B,9.4,-0.5376344086021452,False,,False,,False,-1.6129032258064484,False,-2.4193548387096726,False,-6.451612903225806,True
Nemo-12B,12.2,0.0,False,0.0,False,,False,0.5434782608695597,False,-3.2608695652173973,False,-8.152173913043487,True
Ministral3-14B,14.0,,False,0.0,False,,False,,False,-1.941747572815549,False,-2.6699029126213496,True
