word,listed_synonyms,human_verdict
acrimonious,hostile|caustic|rancorous|angry|resentful,1
allay,soothe|ease|relieve|reduce|alleviate|lessen,1
arid,barren|parched|desert|lacking moisture,1
deleterious,damaging|injurious|detrimental|causing harm,1
dirge,lament|funeral|elegy|mournful|grief,1
eat,consume|ingest|devour|swallow|take in food|put food,1
eccentric,unconventional|quirky|strange|peculiar|weird|unusual,1
luminous,glowing|radiant|shining|brilliant|full of light|giving off light,1
peremptory,commanding|imperious|dictatorial|authoritative|no argument|no refusal|insisting on immediate,1
perfidious,disloyal|deceitful|traitorous|faithless|untrustworthy|betrayal,1
recondite,abstruse|esoteric|profound|little known|difficult to understand|beyond ordinary,1
redolent,fragrant|aromatic|smelling|evocative|reminiscent|suggestive|strong smell,1
sere,withered|arid|parched|dried,1
soporific,sleep-inducing|drowsy|boring|hypnotic|sedative|causing sleep|inducing sleep,1
stentorian,booming|thunderous|powerful voice|deafening|very loud,1
tool,instrument|implement|device|utensil|used to perform|carry out a function|perform a task,1
unctuous,smarmy|ingratiating|slick|insincere|fawning|excessively flattering|false earnestness,1
vacillate,hesitate|fluctuate|indecisive|dither|swing|alternate between,1
vapid,bland|insipid|lifeless|flat|uninspiring|lacking liveliness,1
zealous,enthusiastic|fervent|passionate|ardent|devoted|great energy,1
