model,params_B,arch,vocab_k,base,A_base,A_q2,dA%,pA,B_base,B_q2,dB%,pB,B/A,tier
Qwen2.5-3B,3.1,dense,152,fp16,0.922,0.0,-100.0,6.4e-84,0.89,0.0,-100.0,2e-115,1.0,1-collapse
Phi-3-3.8B,3.8,dense,32,fp16,0.963,0.016,-98.3,2.2e-86,0.921,0.026,-97.2,5.1e-116,1.0,1-collapse
Phi-3.5-3.8B,3.8,dense,32,fp16,0.967,0.004,-99.6,4.9e-89,0.942,0.019,-98.0,1.2e-119,1.0,1-collapse
Granite4H-350M (Q3),0.35,hybrid-ssm,100,fp16,0.751,0.758,0.9,0.7,0.615,0.324,-47.3,4.8e-22,,2-selective
Qwen2.5-0.5B,0.5,dense,152,fp16,0.603,0.706,17.0,2.1e-08,0.678,0.541,-20.3,6e-07,,2-selective
LFM2-700M,0.7,hybrid-conv,65,fp16,0.929,0.847,-8.9,1e-10,0.692,0.403,-41.8,1.1e-20,4.7,2-selective
Granite4H-1B,1.0,hybrid-ssm,100,fp16,0.907,0.887,-2.1,0.046,0.844,0.476,-43.6,1.2e-28,20.4,2-selective
Llama3.2-1B-alt,1.2,dense,128,fp16,0.9,0.8,-11.1,1.1e-10,0.844,0.476,-43.6,4.7e-30,3.9,2-selective
LFM2-1.2B,1.2,hybrid-conv,65,fp16,0.946,0.924,-2.4,0.065,0.72,0.506,-29.8,6e-15,12.5,2-selective
LFM2.5-1.2B,1.2,hybrid-conv,65,fp16,0.968,0.929,-4.1,7.9e-05,0.723,0.368,-49.0,2.2e-27,12.0,2-selective
Llama3.2-1B,1.2,dense,128,fp16,0.887,0.583,-34.3,6.5e-37,0.821,0.319,-61.1,1.4e-43,1.8,2b-mixed(B>A)
Qwen2.5-1.5B,1.5,dense,152,fp16,0.782,0.528,-32.5,5.9e-27,0.872,0.291,-66.6,6.3e-51,2.1,2b-mixed(B>A)
Phi4-mini-3.8B,3.8,dense,200,fp16,0.939,0.594,-36.7,5.3e-43,0.909,0.515,-43.3,5.1e-33,1.2,2b-mixed(B>A)
Gemma2-2B,2.6,dense,256,fp16,0.922,0.901,-2.3,0.057,0.893,0.809,-9.4,4.7e-05,4.1,3-robust
Granite4H-3B,3.0,hybrid-ssm,100,fp16,0.931,0.945,1.5,0.08,0.895,0.823,-8.1,0.0015,,3-robust
Ministral3-3B,3.0,dense,131,fp16,0.954,0.922,-3.4,0.00033,0.921,0.9,-2.3,0.22,0.7,3-robust
Llama3.2-3B,3.2,dense,128,fp16,0.961,0.918,-4.5,7.1e-06,0.893,0.767,-14.1,8.6e-08,3.1,3-robust
Qwen3-4B,4.0,dense,152,fp16,0.977,0.983,0.6,0.27,0.9,0.811,-9.8,4.4e-05,,3-robust
Gemma3n-E4B,4.0,matformer,262,fp16,1.0,0.988,-1.2,0.0013,0.914,0.832,-8.9,1.3e-05,7.7,3-robust
Granite4H-7B-A1B,7.0,hybrid-moe,100,q8,0.97,0.946,-2.4,0.0013,0.895,0.907,1.3,0.58,,3-robust
Mistral-7B,7.2,dense,32,fp16,0.911,0.901,-1.2,0.09,0.823,0.776,-5.7,0.018,4.7,3-robust
Qwen2.5-7B,7.6,dense,152,fp16,0.949,0.91,-4.1,0.00025,0.897,0.865,-3.6,0.1,0.9,3-robust
Ministral3-8B,8.0,dense,131,fp16,0.98,0.958,-2.2,0.0013,0.918,0.932,1.5,0.39,,3-robust
LFM2-8B-A1B,8.3,moe,65,fp16,0.97,0.936,-3.5,0.00019,0.883,0.804,-9.0,8e-05,2.5,3-robust
Gemma2-9B,9.2,dense,256,fp16,0.987,0.978,-0.9,0.021,0.89,0.874,-1.8,0.36,2.1,3-robust
GLM4-9B,9.4,dense,151,fp16,0.963,0.956,-0.7,0.39,0.867,0.811,-6.5,0.0083,8.9,3-robust
Nemo-12B,12.2,dense,131,q8,0.944,0.916,-3.0,0.0037,0.858,0.788,-8.2,0.0022,2.8,3-robust
Ministral3-14B,14.0,dense,131,q6,0.984,0.98,-0.4,0.12,0.96,0.937,-2.4,0.089,6.1,3-robust
